PROBLEMCODE_FAILURECODE_unique,CATEGORY,COUNTS
COMPACTOROOOCOMPACTOR,INTCOMPACTOR,3825
RATSEXTERMINATION,PESTS,2588
ROACHESEXTERMINATION,PESTS,1372
STOPPAGEDRAINS,PLUMBING,1222
MICEEXTERMINATION,PESTS,880
NEEDSPAINTINGPAINT,PAINT,787
NEEDSCLEANINGCOMPACTOR,INTCOMPACTOR,644
NOISYCOMPACTOR,INTCOMPACTOR,574
RAMNOTMOVINGCOMPACTOR,INTCOMPACTOR,527
BULKCONTAINEROVRFLWEXTERIORCOMPACTOR,BULK,499
MACHOILLEAKCOMPACTOR,INTCOMPACTOR,448
RAMLIMITSWITCHOOOCOMPACTOR,INTCOMPACTOR,430
EXTCOMPACTOROOOEXTERIORCOMPACTOR,EXTCOMPACTOR,380
RAMNOTPUSHINGCOMPACTOR,INTCOMPACTOR,378
COMPACTORLEAKINGCOMPACTOR,INTCOMPACTOR,348
NEEDSPAINTINGWALLS,PESTS,330
FOLLOWUPEXTERIORCOMPACTOR,EXTCOMPACTOR,329
LOCKOOODOORPUBLICSPACE,DOOR,325
NOPOWERCOMPACTOR,INTCOMPACTOR,311
PIPENEEDSREPAIRPIPES,PLUMBING,303
NOAUTOCOMPACTOR,INTCOMPACTOR,276
HOSEOILLEAKCOMPACTOR,INTCOMPACTOR,262
DOORDMLDOORPUBLICSPACE,DOOR,246
LIGHTOOOLIGHT,LIGHT,231
FOLLOWUPCOMPACTOR,INTCOMPACTOR,221
DRSAFTEYSWITCHOOOCOMPACTOR,INTCOMPACTOR,216
HOSEOILLEAKEXTERIORCOMPACTOR,EXTCOMPACTOR,208
PHOTOCELLOOOCOMPACTOR,INTCOMPACTOR,199
DRAINDMLDRAINS,PLUMBING,196
FULLBAGSWITCHOOOCOMPACTOR,INTCOMPACTOR,192
NEEDSPAINTINGPIPES,PESTS,178
RAMSLOWCOMPACTOR,INTCOMPACTOR,175
PEELINGPAINT,PAINT,152
BROKENKEYDOORPUBLICSPACE,DOOR,143
EMRGSTOPSWITCHOOOCOMPACTOR,INTCOMPACTOR,137
FLIESEXTERMINATION,PESTS,132
CYLINDERCHANGEDOORPUBLICSPACE,DOOR,129
DOORKNOBHANDLEDMLDOORPUBLICSPACE,DOOR,126
PIPESLEAKPIPES,PLUMBING,120
SPALLINGCRACKSBRICKWORK,OTHER,120
CYLINDERDMDOORPUBLICSPACE,DOOR,115
CONCRETEFLRDAMAGEDFLOOR,OTHER,102
NEEDSPAINTINGFLOOR,PAINT,94
WATERBUGSEXTERMINATION,PESTS,93
CHUTECUTOFFGATEOOOCOMPACTOR,INTCOMPACTOR,93
COMPACTORLEAKINGEXTERIORCOMPACTOR,EXTCOMPACTOR,92
RATSFOLLOWUPEXTERMINATION,PESTS,92
MACHOILLEAKEXTERIORCOMPACTOR,EXTCOMPACTOR,83
CINDERBLOCKSDMLWALLS,OTHER,83
NOPOWERELECTRICITY,ELEC,79
NEEDSDEODERANTCOMPACTOR,INTCOMPACTOR,79
DRAINCOVERDMLDRAINS,PLUMBING,79
CHUTECUTOFFGATESTUCKCOMPACTOR,INTCOMPACTOR,78
NEEDSPAINTINGCOMPACTOR,INTCOMPACTOR,77
BRICKSDMLWALLS,OTHER,75
FLOODINGDRAINS,PLUMBING,74
RAMNOTPUSHINGEXTERIORCOMPACTOR,EXTCOMPACTOR,69
RAMNOTMOVINGEXTERIORCOMPACTOR,EXTCOMPACTOR,69
INSECTSEXTERMINATION,PESTS,68
WALLDAMAGEDWALLS,OTHER,66
DOORBUCKDLDOORPUBLICSPACE,DOOR,63
BALLASTOOOLIGHT,LIGHT,57
EXPOSEDWIRESELECTRICITY,PESTS,57
ROACHES-FOLLOWUPEXTERMINATION,PESTS,55
LIGHTFIXTUREDMLLIGHT,LIGHT,52
FIRECOMPACTOR,INTCOMPACTOR,52
NOPOWEREXTERIORCOMPACTOR,EXTCOMPACTOR,51
RAMDAMAGEDEXTERIORCOMPACTOR,EXTCOMPACTOR,51
FANOUTOFORDEREXHAUSTFAN,OTHER,49
DOORSWEEPDMLDOORPUBLICSPACE,DOOR,48
DOORNOTSECUREDEXTERIORCOMPACTOR,EXTCOMPACTOR,48
FITTINGOILLEAKEXTERIORCOMPACTOR,EXTCOMPACTOR,47
NOTCLOSESTICKSDOORPUBLICSPACE,DOOR,47
FITTINGOILLEAKCOMPACTOR,INTCOMPACTOR,47
CONTAINERFRONTROLLEREXTERIORCOMPACTOR,EXTCOMPACTOR,46
LOADERBUCKETNOTMOVINGEXTERIORCOMPACTOR,EXTCOMPACTOR,46
NEEDSDOORDOORPUBLICSPACE,DOOR,41
RETWALLDMLEXTERIORCOMPACTOR,EXTCOMPACTOR,39
CONSTANTLEAKINGLEAKFROMABOVE,PLUMBING,39
NEEDSINSTALLSIGNAGE,OTHER,38
CEILINGDAMAGEDCEILING,OTHER,37
COMPACTORCHUTECOMPACTOR,INTCOMPACTOR,36
FLOORCOVERINGDMFLOOR,OTHER,35
DOORDMLDOORDIAMONDPLATED,DOOR,35
NEEDSOILCHANGECOMPACTOR,INTCOMPACTOR,32
NEEDSPAINTINGFIRESPRINKLERS,PAINT,32
LOCKOOODOORROLLDOWN,DOOR,32
STOPPAGERAMP,INTCOMPACTOR,31
LOCKDMLDOORDIAMONDPLATED,DOOR,30
PIPESNOTPAINTEDTOCODEFIRESPRINKLERS,PAINT,29
LIGHTDIMLIGHT,LIGHT,27
NEEDSPAINTINGCEILING,PAINT,27
HOPPERDOORDMLHOPPER,INTCOMPACTOR,27
SHELVESDMLSHELVES,OTHER,27
LATCHOOODOORPUBLICSPACE,DOOR,26
NEEDSPAINTINGDOORPUBLICSPACE,DOOR,26
DRAINPIPEDMLDRAINS,PLUMBING,26
DOORCLOSERDMLDOORPUBLICSPACE,DOOR,26
NEEDSPAINTINGEXTERIORCOMPACTOR,EXTCOMPACTOR,25
BUILDWALLWALLS,OTHER,25
PAINTAFTERREPAIRPAINT,PAINT,24
CITYWIDELOCKDOORPUBLICSPACE,DOOR,24
KEYSWITCHOOOEXTERIORCOMPACTOR,EXTCOMPACTOR,23
DEODORSYSOOOCOMPACTOR,INTCOMPACTOR,23
RAMSLOWEXTERIORCOMPACTOR,EXTCOMPACTOR,22
CIRCBREAKOOOELECTRICITY,ELEC,22
PARTIALPOWERELECTRICITY,ELEC,21
ELECBOXDMLELECTRICITY,ELEC,20
OUTLETCOVERDMELECTRICALOUTLET,ELEC,20
NOAUTOEXTERIORCOMPACTOR,EXTCOMPACTOR,20
CEILINGFIXTUREDMLLIGHT,LIGHT,20
CONCRETEEXPOSEDREBARWALLS,OTHER,20
SAFETYDEVICESOOOEXTERIORCOMPACTOR,EXTCOMPACTOR,20
UNSECUREDEQUIPMENT,OTHER,19
SWITCHOOOELECTRICALSWITCH,ELEC,19
NEEDSPAINTINGMILDEWCONDITION,PAINT,18
SWITCHCOVERDMLELECTRICALSWITCH,ELEC,17
NOTSELFCLOSINGDOORPUBLICSPACE,DOOR,17
PUMPOOOPUMP,PLUMBING,17
NEEDSCLEANINGDEBRISSPILL,OTHER,17
BULBDMLLIGHT,LIGHT,17
DAMAGEDHEADFIRESPRINKLERS,OTHER,16
OUTLETOOOELECTRICALOUTLET,ELEC,16
DOORHINGESDMLOOODOORPUBLICSPACE,DOOR,16
FLEASEXTERMINATION,PESTS,16
CONSTANTDRIPPINGLEAKFROMABOVE,PLUMBING,16
DOORDMLDOORROLLDOWN,DOOR,15
LOCKDMDOORROLLDOWN,DOOR,15
MICE-FOLLOWUPEXTERMINATION,PESTS,15
SWITCHDMLELECTRICALSWITCH,ELEC,15
LEAKINGFIRESPRINKLERS,PLUMBING,14
CABINETDMLCABINETS,OTHER,14
MILDEWMILDEWCONDITION,OTHER,14
ELECBOXKNOCKDMLELECTRICITY,ELEC,13
ELECBOXDRDMLELECTRICITY,ELEC,13
GFIOOOELECTRICALOUTLET,ELEC,13
DOOROFFHINGESDOORPUBLICSPACE,DOOR,13
NEEDSPLASTERINGWALLS,OTHER,12
NOTSELFLATCHINGDOORPUBLICSPACE,DOOR,12
FIRESYSACTIVATEDCOMPACTOR,INTCOMPACTOR,12
FLOODINGLEAKFROMABOVE,PLUMBING,12
LIGHTCOVERDMLLIGHT,LIGHT,12
SWITCHOOOLIGHT,LIGHT,11
NOISYEXTERIORCOMPACTOR,EXTCOMPACTOR,11
NEEDSCLEANINGWALLS,OTHER,11
HOPPERJAMHOPPER,INTCOMPACTOR,11
NEEDCABINETCABINETS,OTHER,11
NEEDSSWITCHELECTRICALSWITCH,ELEC,11
GLASSBROKENWINDOWGLASS,OTHER,10
OUTLETDMELECTRICALOUTLET,ELEC,10
FUSEMOOOELECTRICITY,ELEC,10
RAILINGDMLRAILINGS,OTHER,10
PHASDRAINDRAINS,PLUMBING,10
FAUCETDLOOOSINK,PLUMBING,10
FLOORTILESDMLFLOOR,OTHER,10
FANDMLEXHAUSTFAN,OTHER,10
CARTDMLEQUIPCART,OTHER,10
STRIKEPLATEDMLDOORPUBLICSPACE,DOOR,10
EXPOSEDWIRESELECTRICALOUTLET,ELEC,10
HOPPERHANDLEDMLHOPPER,INTCOMPACTOR,9
OSYVALVEDMLFIRESPRINKLERS,OTHER,9
ELECBOXDRLOCKDMLELECTRICITY,ELEC,9
CIRCBREAKDMLELECTRICITY,ELEC,9
NEEDSCLEANINGEXTERIORCOMPACTOR,EXTCOMPACTOR,9
GARBAGEDEBRISSPILL,OTHER,9
CRCTBRKINNERPANELCOVERDMELECTRICITY,ELEC,9
PHASDOORDOORPUBLICSPACE,DOOR,9
ANTSEXTERMINATION,PESTS,9
NEEDSREPLACEEXHAUSTFAN,OTHER,8
LIGHTSOOOEXTERIORCOMPACTOR,EXTCOMPACTOR,8
JUNCBOXKNOCKDMLELECTRICITY,ELEC,8
HARDTOOPENDOORROLLDOWN,DOOR,8
PHASELECTELECTRICITY,ELEC,8
RDRLOCKOOOEXTERIORCOMPACTOR,EXTCOMPACTOR,8
SPRINKLERALARMREPAIRFIRESPRINKLERS,OTHER,8
NOWATERWATER,PLUMBING,8
FOLLOWUPDRAINS,PLUMBING,7
JUNCBOXDMLELECTRICITY,ELEC,7
NEEDSCLEANINGMILDEWCONDITION,OTHER,7
RAMPCRACKEDRAMP,INTCOMPACTOR,7
DOORSADDLEDMLDOORPUBLICSPACE,DOOR,7
DRYWALLDMLWALLS,OTHER,7
FULLLIGHTOOOEXTERIORCOMPACTOR,EXTCOMPACTOR,7
LIGHTFLICKERINGLIGHT,LIGHT,7
NEEDSASBESTOSTESTINGPIPES,PLUMBING,7
STOPPAGESINK,PLUMBING,7
DIRTYORBROWNWATERWATER,PLUMBING,7
NOPOWERELECTRICALOUTLET,ELEC,7
PAINTEDHEADSFIRESPRINKLERS,PAINT,7
SHARPEDGESDOORPUBLICSPACE,DOOR,7
NEEDSBULBLIGHT,LIGHT,6
NEEDSINSTALLEXHAUSTFAN,OTHER,6
CLOSETSHELFDMLCLOSET,OTHER,6
EXPOSEDWIRESEXTERIORCOMPACTOR,EXTCOMPACTOR,6
WATER BUGS-FOLLOWUPEXTERMINATION,PESTS,6
NEEDSPAINTINGSTANDPIPE,PAINT,6
NEEDSPLASTERINGCEILING,OTHER,6
NEEDSREMOVALCABINETS,OTHER,6
VALVEDMLORNEEDACCESSFIRESPRINKLERS,PLUMBING,6
FAUCETRUNNINGSINK,PLUMBING,6
CONCRETECEILINGSPALLINGCEILING,OTHER,5
CEILINGLEAKFROMABOVECEILING,PLUMBING,5
RDRSAFTEYCHAINEXTERIORCOMPACTOR,EXTCOMPACTOR,5
EMRGSTOPSWITCHOOOEXTERIORCOMPACTOR,EXTCOMPACTOR,5
FLEAS-FOLLOWUPEXTERMINATION,PESTS,5
DEBRISDEBRISSPILL,OTHER,5
LOCKERDMLLOCKER,OTHER,5
LOWPRESSUREWATER,PLUMBING,5
NEEDSINSTALLDOORDIAMONDPLATED,DOOR,5
PHASSWITCHELECTRICALSWITCH,ELEC,5
SECURITYGATESDMLSECURITYGATES,OTHER,5
LIGHTSDMLEXTERIORCOMPACTOR,EXTCOMPACTOR,5
NEEDSINSULATIONPIPES,PLUMBING,5
EXPOSEDWIRESELECTRICALSWITCH,ELEC,5
NEEDSPLASTERINGPAINT,PAINT,5
NEEDSCEMENTPATCHINGFLOOR,OTHER,5
FOLLOWUPPIPES,PLUMBING,5
FOLLOWUPBRICKWORK,OTHER,5
FOLLOWUPDOORPUBLICSPACE,DOOR,5
EXCESSIVEMOISTUREEXCESSIVEMOISTURE,PLUMBING,5
NEEDSCLEANINGFLOOR,OTHER,5
FAUCETHANDLEDMLSINK,PLUMBING,5
SWITCHCOVERDMOOOLIGHT,ELEC,4
NOHOTWATERWATER,PLUMBING,4
PHASWALLWALLS,OTHER,4
AINSPTAGEXPIREDFIREEXTINGUISHER,OTHER,4
CONCRETEEXPOSEDREBARCEILING,OTHER,4
PHASAIRQUALITYAIRQUALITY,OTHER,4
BEDBUGSEXTERMINATION,PESTS,4
CONCRETEEXPOSEDREBARFLOOR,OTHER,4
FIRSTAIDDMFIRSTAIDKIT,OTHER,4
RDRRATCHETBINDEROOOEXTERIORCOMPACTOR,EXTCOMPACTOR,4
MOTOROOOMOTOR,INTCOMPACTOR,4
PHASOUTLETELECTRICALOUTLET,ELEC,4
SPILLDEBRISSPILL,OTHER,4
FAUCETDRIPPINGSINK,PLUMBING,4
WATERPENETRATIONLEAKFROMABOVE,PLUMBING,4
NEEDKEYDOORPUBLICSPACE,DOOR,4
NOTCLOSESTICKSCLOSET,OTHER,4
LOADERBUCKETCYLLEAKEXTERIORCOMPACTOR,EXTCOMPACTOR,4
NEEDSOUTLETELECTRICALOUTLET,ELEC,4
INSULATIONDMLPIPEINSULATION,PLUMBING,4
LIGHTOOOLIGHTEMERGENCY,LIGHT,4
CONRETEDLMFACADE,OTHER,4
SHEETROCKDMLWALLS,OTHER,3
FOLLOWUPHOPPER,INTCOMPACTOR,3
ARMATUREDMLDOORPUBLICSPACE,DOOR,3
RACOONSEXTERMINATION,PESTS,3
SIGNSDMLEXTERIORCOMPACTOR,EXTCOMPACTOR,3
GUARDPLATEDMDOORPUBLICSPACE,DOOR,3
NEEDSINSTALLSCAFFOLD,OTHER,3
IMPROPERLYLOCKEDWINDOWDECORATIVEGATES,OTHER,3
NORMCLEANUPREGULATEDWASTE,OTHER,3
PHASHAZARDSHAZARDS,OTHER,3
HANDRAILDMLRAMP,OTHER,3
BULKCONTAINERDIRTYEXTERIORCOMPACTOR,BULK,3
PHASEMERGEXITEMERGEXIT,OTHER,3
NEEDSCLEANINGEXHAUSTFAN,OTHER,3
WATERSHUTOFFVALVEDMLSINK,PLUMBING,3
LEADBENDLEAKINGLEAKFROMABOVE,PLUMBING,3
FOLLOWUPLIGHT,LIGHT,3
SILLCOCKLEAKINGSILLCOCK,PLUMBING,3
NOISYMOTOR,INTCOMPACTOR,3
OILCHANGEEXTERIORCOMPACTOR,EXTCOMPACTOR,2
CHAINLOCKDMLSTANDPIPE,PLUMBING,2
DIFFUSERDMLEXTERIORCOMPACTOR,EXTCOMPACTOR,2
FOLLOWUPELECTRICITY,ELEC,2
CRCTBRKDOORDMELECTRICITY,ELEC,2
DOMECOVERDMLDRAINS,PLUMBING,2
NEEDEXITSIGNEXITSIGN,OTHER,2
RAMPTRIPHAZRDRAMP,OTHER,2
NEEDSCLEANINGCEILING,OTHER,2
CONDUITDMLELECTRICITY,ELEC,2
SIGNDMLSIGNAGE,OTHER,2
CABINETDMLSAFETYCABINET,OTHER,2
RUBBERFLOORINGDMLFLOOR,OTHER,2
LOCKDMLDOORINTERIOR,DOOR,2
WESTNILEEXTERMINATION,PESTS,2
PHASFLOORFLOOR,OTHER,2
HANDLEKNOBDMSINK,PLUMBING,2
DAMAGEDCRACKEDFACADE,OTHER,2
CONDUITDMLLIGHT,LIGHT,2
WALLLEAKWALLS,PLUMBING,2
CLOSETFRAMEDMLCLOSET,OTHER,2
FIXTURESPARKINGLIGHT,LIGHT,2
DIFFUSERDMLIGHT,LIGHT,2
RWCOPSTONEDMLEXTERIORCOMPACTOR,EXTCOMPACTOR,2
GRAFFITIEXTERIORCOMPACTOR,EXTCOMPACTOR,2
SINKDMLSINK,PLUMBING,2
WALLBREAKREQUIREDWALLS,OTHER,2
PHASCEILINGCEILING,OTHER,2
NEEDSACOUTLETELECTRICALOUTLET,LIGHT,2
GLASSCRACKEDDOORPUBLICSPACE,DOOR,2
SHEETROCKDMLCEILING,OTHER,2
NOTSELFLATCHHOPPER,INTCOMPACTOR,2
NEEDSREMOVALPUMP,PLUMBING,2
HOPPERPANDMLHOPPER,INTCOMPACTOR,2
CAPDMLSTANDPIPE,PLUMBING,2
FLOODINGRAMP,PLUMBING,2
TILESDMLWALLS,OTHER,2
WINDOWSILLDMLWINDOWSILL,OTHER,2
NEEDSREMOVALREINSTALLSINK,PLUMBING,2
SLIPPERYWETDEBRISSPILL,OTHER,2
ELECTRICALSPARKSELECTRICITY,ELEC,2
SILLCOCKDMLSILLCOCK,OTHER,2
DEBRISRAMP,INTCOMPACTOR,2
FOLLOWUPPAINT,PAINT,1
GLASSMISSINGDOORPUBLICSPACE,DOOR,1
FOLLOWUPWATER,PLUMBING,1
EXPOSEDWIRESLIGHT,ELEC,1
FLASHINGDMLROOFTOP,OTHER,1
GRATINGDMLTRASHBULKCOMPOUND,BULK,1
PHASDEBRISSPILLDEBRISSPILL,OTHER,1
EXTGMISSINGFIREEXTINGUISHER,OTHER,1
VALVEDMLORNEEDACCESSSTANDPIPE,OTHER,1
NEEDSREMOVALLOCKER,OTHER,1
PANELTROUBLESIGNALSALARM,OTHER,1
NEEDSREMOVALSIGNAGE,OTHER,1
FOLLOWUPPUMP,PLUMBING,1
SPILLFLOOR,OTHER,1
TRASHRECEPTICLEOOOTRASHRECEPTICLE,OTHER,1
FOLLOWUPFIRESUPPRESSIONSYSTEM,OTHER,1
NEEDSCLEANINGEXITSIGN,OTHER,1
CONDUITDMLMOTOR,OTHER,1
NEEDSCONVERSIONCLOSET,OTHER,1
FIXTUREDMLLIGHTEMERGENCY,LIGHT,1
FOLLOWUPELECTRICALOUTLET,LIGHT,1
PHASTRASHBCTRASHBULKCOMPOUND,BULK,1
MISSINGHEADFIRESPRINKLERS,OTHER,1
BULLETINBOARDDMLBULLETINBOARDS,OTHER,1
414REGSMISROOMSIGNS,OTHER,1
EXPOSEDWIRESPUMP,ELEC,1
IONIZEROOOEXTERIORCOMPACTOR,EXTCOMPACTOR,1
WOODSUBFLOORINGDLFLOOR,OTHER,1
SMELLGASGAS,OTHER,1
PHASFIRESPRINKFIRESPRINKLERS,OTHER,1
PHASEXTERMINEXTERMINATION,PESTS,1
RAGSDEBRISSPILL,OTHER,1
PHASWATERWATER,PLUMBING,1
DEFECTCORRECTIONHAZARDCONDITION,OTHER,1
ANTS-FOLLOWUPEXTERMINATION,PESTS,1
DOORDMLDOORINTERIOR,DOOR,1
EMRGCLEANUPREGULATEDWASTE,OTHER,1
SLIDERREPLACECLOSET,OTHER,1
PUMPLEAKINGPUMP,PLUMBING,1
PUMPSWITCHOOOPUMP,PLUMBING,1
CERAMICTILESDMLFLOOR,OTHER,1
EXITSIGNDMLEXITSIGN,OTHER,1
FOLLOWUPSINK,PLUMBING,1
ACCESSPANELDMLLIGHT,LIGHT,1
ASBWALLINSPASBINTERIOR,PAINT,1
NEEDSCEMENTPATCHINGSECURITYGATES,OTHER,1
PADDLEOOODOORPUBLICSPACE,DOOR,1
RUSTEDDOORPUBLICSPACE,DOOR,1
NEEDSREBUILDPUMP,PLUMBING,1
ASBPIPEINSPASBINTERIOR,PLUMBING,1
FIREEXTERIORCOMPACTOR,EXTCOMPACTOR,1
PHASLIGHTINGLIGHT,LIGHT,1
NOTENOUGHHEATHEAT,OTHER,1
FOLLOWUPEXCESSIVEMOISTURE,OTHER,1
PHASCABINETCABINETS,OTHER,1
EMLOOODOORPUBLICSPACE,DOOR,1
PHASSIGNAGESIGNAGE,OTHER,1
CONDENSATIONCEILING,OTHER,1
NEEDSPAINTINGRAMP,INTCOMPACTOR,1
VALVECHAINLOCKOPENSTANDPIPE,OTHER,1
INSUFFICENTCLEARANCEDOORPUBLICSPACE,DOOR,1
SPOUTDMLSINK,PLUMBING,1
NEEDSBULBEXITSIGN,LIGHT,1
NEEDSBULLETINBOARDBULLETINBOARDS,OTHER,1
CLOSETOFFHINGESCLOSET,OTHER,1
FIRESPRINKLERTESTINGFIRESPRINKLERS,OTHER,1
STANDPIPETESTINGSTANDPIPE,OTHER,1
NEEDSCLEANINGROOMSIGNS,OTHER,1
NEEDSASBESTOSTESTINGLEAKFROMABOVE,PLUMBING,1
HARDTOOPENCLOSEWINDOWGLASS,OTHER,1
STANDPIPELEAKINGSTANDPIPE,PLUMBING,1
NEEDSCLEANINGWINDOWWELL,OTHER,1
SUNKENTRASHBULKCOMPOUND,BULK,1
PHASSMOKEDTCRSMOKEDETECTOR,OTHER,1
ABOVETHESINKLEAKFROMABOVE,PLUMBING,1
WOODFLOORINGDMLFLOOR,OTHER,1
SCAFFOLDDMLSCAFFOLD,OTHER,1
LOUVERSDMLEXHAUSTFAN,OTHER,1
REFRIGOOOREFRIGERATOR,OTHER,1
PGTILESDMLWALLS,OTHER,1
PHASGFIELECTRICALOUTLET,ELEC,1
WINDOWLINTELDMLWINDOWLINTEL,OTHER,1
LADDERDMLEQUIPMENT,OTHER,1
NEEDSINSTALLDISPLAYCASE,OTHER,1
GLASSCRACKEDCONDENSATEWINDOWGLASS,OTHER,1
WATERDAMAGEWALLS,PLUMBING,1
FOLLOWUPFLOOR,OTHER,1
NEEDSCABINETSAFETYCABINET,OTHER,1
WELLGRATINGDMLWINDOWWELL,OTHER,1