DEVELOPMENT,BOROUGH,SEWERSHED,WORK TYPE,DWELLING_UNITS,NRR,PRIORITY,RAD/PACT,CYEAR,FYEAR,STATUS,COST, ESTIMATE ,FUNDING,IMPLEM_METHOD,RUNNING_COST_YEAR,RUNNING_COUNT,EST_YEAR
BARUCH HOUSES ADDITION,MANHATTAN,Newtown Creek,Food Waste Disposer,197,Zone 1,4,,2019,2020,COMPLETED,"$607,266.52 ",,NYCHA Operating,CM/JOCs,"$607,266.52 ",197,2019
MELTZER TOWER,MANHATTAN,Newtown Creek,Food Waste Disposer,229,Zone 1,4,,2019,2020,COMPLETED,"$534,717.81 ",,NYCHA Operating,CM/JOCs,"$1,141,984.33 ",426,2019
TWO BRIDGES URA (SITE 7),MANHATTAN,Newtown Creek,Food Waste Disposer,250,Zone 1,4,,2019,2020,COMPLETED,"$561,519.42 ",,NYCHA Operating,CM/JOCs,"$1,703,503.75 ",676,2019
LAFAYETTE,BROOKLYN,Newtown Creek,Food Waste Disposer,882,Zone 1,2,,2020,2020,QUEUED,,"$1,515,925.11 ",NRR City Expense,Jacobs - JOCs,"$1,515,925.11 ",1558,2020
1010 EAST 178TH STREET,BRONX,0,Food Waste Disposer,218,0,0,,,,,,"$374,684.44 ",,,#REF!,1776,#REF!
104-14 TAPSCOTT STREET,BROOKLYN,0,Food Waste Disposer,30,0,0,2020-2021,,,,,"$51,562.08 ",,,#REF!,1806,#REF!
1162-1176 WASHINGTON AVENUE,BRONX,0,Food Waste Disposer,65,0,0,2022-2025,,,,,"$111,717.84 ",,,#REF!,1871,#REF!
131 SAINT NICHOLAS AVENUE,MANHATTAN,0,Food Waste Disposer,98,Zone 2,4,2026+,,,,,"$168,436.12 ",,,#REF!,1969,#REF!
1471 WATSON AVENUE,BRONX,0,Food Waste Disposer,96,Zone 3,0,2026+,,,,,"$164,998.65 ",,,#REF!,2065,#REF!
154 WEST 84TH STREET,MANHATTAN,0,Food Waste Disposer,35,0,0,,,,,,"$60,155.76 ",,,#REF!,2100,#REF!
303 VERNON AVENUE,BROOKLYN,Newtown Creek,Food Waste Disposer,234,Zone 1,4,,,,,,"$402,184.21 ",,,#REF!,2334,#REF!
335 EAST 111TH STREET,MANHATTAN,0,Food Waste Disposer,66,Zone 3,4,2020-2021,,,,,"$113,436.57 ",,,#REF!,2400,#REF!
344 EAST 28TH STREET,MANHATTAN,Newtown Creek,Food Waste Disposer,225,0,0,2020-2021,,,,,"$386,715.59 ",,,#REF!,2625,#REF!
45 ALLEN STREET,MANHATTAN,Newtown Creek,Food Waste Disposer,107,Zone 1,3,,,,,,"$183,904.75 ",,,#REF!,2732,#REF!
572 WARREN STREET,BROOKLYN,0,Food Waste Disposer,200,0,0,2019,,,,,"$343,747.19 ",,,#REF!,2932,#REF!
830 AMSTERDAM AVENUE,MANHATTAN,0,Food Waste Disposer,158,0,0,,,,,,"$271,560.28 ",,,#REF!,3090,#REF!
ADAMS,BRONX,0,Food Waste Disposer,924,0,0,,,,,,"$1,588,112.02 ",,,#REF!,4014,#REF!
ALBANY,BROOKLYN,Newtown Creek,Food Waste Disposer,823,0,0,2022-2025,,,,,"$1,414,519.68 ",,,#REF!,4837,#REF!
ALBANY II,BROOKLYN,Newtown Creek,Food Waste Disposer,400,0,0,2022-2025,,,,,"$687,494.38 ",,,#REF!,5237,#REF!
AMSTERDAM,MANHATTAN,0,Food Waste Disposer,1084,Zone 4,0,,,,,,"$1,863,109.77 ",,,#REF!,6321,#REF!
AMSTERDAM ADDITION,MANHATTAN,0,Food Waste Disposer,175,0,0,,,,,,"$300,778.79 ",,,#REF!,6496,#REF!
ARMSTRONG I,BROOKLYN,Newtown Creek,Food Waste Disposer,369,Zone 1,4,2019,,,,,"$634,213.56 ",,,#REF!,6865,#REF!
ARMSTRONG II,BROOKLYN,Newtown Creek,Food Waste Disposer,248,Zone 1,4,2019,,,,,"$426,246.51 ",,,#REF!,7113,#REF!
ASTORIA,QUEENS,0,Food Waste Disposer,1104,0,0,2022-2025,,,,,"$1,897,484.49 ",,,#REF!,8217,#REF!
ATLANTIC TERMINAL SITE 4B,BROOKLYN,0,Food Waste Disposer,299,0,0,,,,,,"$513,902.05 ",,,#REF!,8516,#REF!
AUDUBON,MANHATTAN,0,Food Waste Disposer,167,Zone 3,1,2020-2021,,,,,"$287,028.90 ",,,#REF!,8683,#REF!
BAILEY AVENUE-WEST 193RD STREET,BRONX,0,Food Waste Disposer,232,0,0,,,,,,"$398,746.74 ",,,#REF!,8915,#REF!
BAISLEY PARK,QUEENS,0,Food Waste Disposer,381,0,0,,,,,,"$654,838.40 ",,,#REF!,9296,#REF!
BARUCH,MANHATTAN,Newtown Creek,Food Waste Disposer,2193,Zone 1,4,,,,,,"$3,769,187.93 ",,,#REF!,11489,#REF!
BAY VIEW,BROOKLYN,0,Food Waste Disposer,1609,0,0,2026+,,,,,"$2,765,446.14 ",,,#REF!,13098,#REF!
BEACH 41ST STREET-BEACH CHANNEL DRIVE,QUEENS,0,Food Waste Disposer,712,0,0,2026+,,,,,"$1,223,739.99 ",,,#REF!,13810,#REF!
BEDFORD-STUYVESANT REHAB,BROOKLYN,Newtown Creek,Food Waste Disposer,84,Zone 1,4,,,,,,"$144,373.82 ",,,#REF!,13894,#REF!
BELMONT-SUTTER AREA,BROOKLYN,0,Food Waste Disposer,72,0,0,,,,,,"$123,748.99 ",,,#REF!,13966,#REF!
BERRY,STATEN ISLAND,0,Food Waste Disposer,506,0,0,,,,,,"$869,680.39 ",,,#REF!,14472,#REF!
BERRY STREET-SOUTH 9TH STREET,BROOKLYN,Newtown Creek,Food Waste Disposer,150,0,0,2019,,,,,"$257,810.39 ",,,#REF!,14622,#REF!
BETHUNE GARDENS,MANHATTAN,0,Food Waste Disposer,210,Zone 3,3,2020-2021,,,,,"$360,934.55 ",,,#REF!,14832,#REF!
BLAND,QUEENS,0,Food Waste Disposer,399,0,0,,,,,,"$685,775.64 ",,,#REF!,15231,#REF!
BORINQUEN PLAZA I,BROOKLYN,Newtown Creek,Food Waste Disposer,509,Zone 3,1,2026+,,,,,"$874,836.60 ",,,#REF!,15740,#REF!
BORINQUEN PLAZA II,BROOKLYN,Newtown Creek,Food Waste Disposer,425,Zone 3,2,2026+,,,,,"$730,462.78 ",,,#REF!,16165,#REF!
BOSTON ROAD PLAZA,BRONX,0,Food Waste Disposer,232,0,0,2022-2025,,,,,"$398,746.74 ",,,#REF!,16397,#REF!
BOSTON SECOR,BRONX,0,Food Waste Disposer,538,0,0,,,,,,"$924,679.94 ",,,#REF!,16935,#REF!
BOULEVARD,BROOKLYN,0,Food Waste Disposer,1424,0,0,2020-2021,,,,,"$2,447,479.99 ",,,#REF!,18359,#REF!
BOYNTON AVENUE REHAB,BRONX,0,Food Waste Disposer,82,Zone 3,0,,,,,,"$140,936.35 ",,,#REF!,18441,#REF!
BRACETTI PLAZA,MANHATTAN,Newtown Creek,Food Waste Disposer,108,Zone 1,4,2026+,,,,,"$185,623.48 ",,,#REF!,18549,#REF!
BREUKELEN,BROOKLYN,0,Food Waste Disposer,1592,0,0,2020-2021,,,,,"$2,736,227.63 ",,,#REF!,20141,#REF!
BREVOORT,BROOKLYN,Newtown Creek,Food Waste Disposer,894,0,0,2026+,,,,,"$1,536,549.94 ",,,#REF!,21035,#REF!
BRONX RIVER,BRONX,0,Food Waste Disposer,1245,Zone 3,4,,,,,,"$2,139,826.25 ",,,#REF!,22280,#REF!
BRONX RIVER ADDITION,BRONX,0,Food Waste Disposer,226,Zone 3,0,,,,,,"$388,434.32 ",,,#REF!,22506,#REF!
BROWN,BROOKLYN,0,Food Waste Disposer,200,0,0,,,,,,"$343,747.19 ",,,#REF!,22706,#REF!
BROWNSVILLE,BROOKLYN,0,Food Waste Disposer,1336,0,0,2026+,,,,,"$2,296,231.23 ",,,#REF!,24042,#REF!
BRYANT AVENUE-EAST 174TH STREET,BRONX,0,Food Waste Disposer,72,0,0,,,,,,"$123,748.99 ",,,#REF!,24114,#REF!
BUSHWICK,BROOKLYN,Newtown Creek,Food Waste Disposer,1219,Zone 1,3,,,,,,"$2,095,139.12 ",,,#REF!,25333,#REF!
BUTLER,BRONX,0,Food Waste Disposer,1476,Zone 1,3,,,,,,"$2,536,854.26 ",,,#REF!,26809,#REF!
CAMPOS PLAZA II,MANHATTAN,Newtown Creek,Food Waste Disposer,224,Zone 1,3,2026+,,,,,"$384,996.85 ",,,#REF!,27033,#REF!
CAREY GARDENS,BROOKLYN,0,Food Waste Disposer,682,0,0,,,,,,"$1,172,177.92 ",,,#REF!,27715,#REF!
CARLETON MANOR,QUEENS,0,Food Waste Disposer,169,0,0,2026+,,,,,"$290,466.38 ",,,#REF!,27884,#REF!
CARVER,MANHATTAN,0,Food Waste Disposer,1244,Zone 2,3,2026+,,,,,"$2,138,107.52 ",,,#REF!,29128,#REF!
CASSIDY-LAFAYETTE,STATEN ISLAND,0,Food Waste Disposer,378,0,0,,,,,,"$649,682.19 ",,,#REF!,29506,#REF!
CASTLE HILL,BRONX,0,Food Waste Disposer,2022,0,0,,,,,,"$3,475,284.09 ",,,#REF!,31528,#REF!
CHELSEA,MANHATTAN,0,Food Waste Disposer,425,0,0,,,,,,"$730,462.78 ",,,#REF!,31953,#REF!
CHELSEA ADDITION,MANHATTAN,0,Food Waste Disposer,96,Zone 3,0,,,,,,"$164,998.65 ",,,#REF!,32049,#REF!
CLAREMONT PARKWAY-FRANKLIN AVENUE,BRONX,0,Food Waste Disposer,187,Zone 3,4,2026+,,,,,"$321,403.62 ",,,#REF!,32236,#REF!
CLAREMONT REHAB (GROUP 2),BRONX,0,Food Waste Disposer,106,Zone 1,4,2022-2025,,,,,"$182,186.01 ",,,#REF!,32342,#REF!
CLAREMONT REHAB (GROUP 3),BRONX,0,Food Waste Disposer,107,Zone 1,4,2022-2025,,,,,"$183,904.75 ",,,#REF!,32449,#REF!
CLAREMONT REHAB (GROUP 4),BRONX,0,Food Waste Disposer,147,Zone 1,4,2022-2025,,,,,"$252,654.18 ",,,#REF!,32596,#REF!
CLAREMONT REHAB (GROUP 5),BRONX,0,Food Waste Disposer,129,Zone 1,4,2022-2025,,,,,"$221,716.94 ",,,#REF!,32725,#REF!
CLASON POINT GARDENS,BRONX,0,Food Waste Disposer,401,0,0,2022-2025,,,,,"$689,213.11 ",,,#REF!,33126,#REF!
CLINTON,MANHATTAN,0,Food Waste Disposer,748,Zone 2,1,,,,,,"$1,285,614.49 ",,,#REF!,33874,#REF!
COLLEGE AVENUE-EAST 165TH STREET,BRONX,0,Food Waste Disposer,95,Zone 1,4,2022-2025,,,,,"$163,279.92 ",,,#REF!,33969,#REF!
CONEY ISLAND,BROOKLYN,0,Food Waste Disposer,530,0,0,,,,,,"$910,930.05 ",,,#REF!,34499,#REF!
CONEY ISLAND I (SITE 1B),BROOKLYN,0,Food Waste Disposer,192,0,0,,,,,,"$329,997.30 ",,,#REF!,34691,#REF!
CONEY ISLAND I (SITE 8),BROOKLYN,0,Food Waste Disposer,124,0,0,2026+,,,,,"$213,123.26 ",,,#REF!,34815,#REF!
CONEY ISLAND I (SITES 4 & 5),BROOKLYN,0,Food Waste Disposer,376,0,0,,,,,,"$646,244.72 ",,,#REF!,35191,#REF!
CONLON LIHFE TOWER,QUEENS,0,Food Waste Disposer,214,0,0,,,,,,"$367,809.49 ",,,#REF!,35405,#REF!
COOPER PARK,BROOKLYN,Newtown Creek,Food Waste Disposer,700,0,0,2026+,,,,,"$1,203,115.16 ",,,#REF!,36105,#REF!
CORSI HOUSES,MANHATTAN,0,Food Waste Disposer,171,Zone 2,4,2026+,,,,,"$293,903.85 ",,,#REF!,36276,#REF!
CROWN HEIGHTS,BROOKLYN,Newtown Creek,Food Waste Disposer,121,Zone 4,0,2022-2025,,,,,"$207,967.05 ",,,#REF!,36397,#REF!
CYPRESS HILLS,BROOKLYN,0,Food Waste Disposer,1439,0,0,2022-2025,,,,,"$2,473,261.03 ",,,#REF!,37836,#REF!
DAVIDSON,BRONX,0,Food Waste Disposer,175,Zone 3,4,2026+,,,,,"$300,778.79 ",,,#REF!,38011,#REF!
DE HOSTOS APARTMENTS,MANHATTAN,0,Food Waste Disposer,219,Zone 3,0,,,,,,"$376,403.17 ",,,#REF!,38230,#REF!
DOUGLASS ADDITION,MANHATTAN,0,Food Waste Disposer,135,Zone 3,4,,,,,,"$232,029.35 ",,,#REF!,38365,#REF!
DOUGLASS I,MANHATTAN,0,Food Waste Disposer,1302,Zone 3,2,,,,,,"$2,237,794.20 ",,,#REF!,39667,#REF!
DOUGLASS II,MANHATTAN,0,Food Waste Disposer,752,Zone 3,2,,,,,,"$1,292,489.43 ",,,#REF!,40419,#REF!
DREW-HAMILTON,MANHATTAN,0,Food Waste Disposer,1211,Zone 2,4,,,,,,"$2,081,389.23 ",,,#REF!,41630,#REF!
DYCKMAN,MANHATTAN,0,Food Waste Disposer,1167,0,0,,,,,,"$2,005,764.85 ",,,#REF!,42797,#REF!
EAGLE AVENUE-EAST 163RD STREET,BRONX,0,Food Waste Disposer,65,0,0,2026+,,,,,"$111,717.84 ",,,#REF!,42862,#REF!
EAST 152ND STREET-COURTLANDT AVENUE,BRONX,0,Food Waste Disposer,221,0,0,2022-2025,,,,,"$379,840.64 ",,,#REF!,43083,#REF!
EAST 165TH STREET-BRYANT AVENUE,BRONX,0,Food Waste Disposer,111,Zone 4,0,,,,,,"$190,779.69 ",,,#REF!,43194,#REF!
EAST 173RD STREET-VYSE AVENUE,BRONX,0,Food Waste Disposer,168,Zone 4,0,,,,,,"$288,747.64 ",,,#REF!,43362,#REF!
EAST 180TH STREET-MONTEREY AVENUE,BRONX,0,Food Waste Disposer,239,Zone 1,3,,,,,,"$410,777.89 ",,,#REF!,43601,#REF!
EAST NEW YORK CITY LINE,BROOKLYN,0,Food Waste Disposer,66,0,0,2022-2025,,,,,"$113,436.57 ",,,#REF!,43667,#REF!
EAST RIVER,MANHATTAN,0,Food Waste Disposer,1156,Zone 2,4,2022-2025,,,,,"$1,986,858.76 ",,,#REF!,44823,#REF!
EASTCHESTER GARDENS,BRONX,0,Food Waste Disposer,877,0,0,2026+,,,,,"$1,507,331.43 ",,,#REF!,45700,#REF!
EDENWALD,BRONX,0,Food Waste Disposer,2035,0,0,2022-2025,,,,,"$3,497,627.65 ",,,#REF!,47735,#REF!
ELLIOTT,MANHATTAN,0,Food Waste Disposer,606,Zone 3,0,,,,,,"$1,041,553.98 ",,,#REF!,48341,#REF!
FARRAGUT,BROOKLYN,Newtown Creek,Food Waste Disposer,1389,0,0,2026+,,,,,"$2,387,324.23 ",,,#REF!,49730,#REF!
FENIMORE-LEFFERTS,BROOKLYN,0,Food Waste Disposer,36,0,0,2020-2021,,,,,"$61,874.49 ",,,#REF!,49766,#REF!
FHA REPOSSESSED HOUSES (GROUP I),0,0,Food Waste Disposer,21,0,0,,,,,,"$36,093.45 ",,,#REF!,49787,#REF!
FHA REPOSSESSED HOUSES (GROUP II),0,0,Food Waste Disposer,10,0,0,,,,,,"$17,187.36 ",,,#REF!,49797,#REF!
FHA REPOSSESSED HOUSES (GROUP III),0,0,Food Waste Disposer,11,0,0,,,,,,"$18,906.10 ",,,#REF!,49808,#REF!
FHA REPOSSESSED HOUSES (GROUP IV),0,0,Food Waste Disposer,10,0,0,,,,,,"$17,187.36 ",,,#REF!,49818,#REF!
FHA REPOSSESSED HOUSES (GROUP IX),0,Newtown Creek,Food Waste Disposer,16,Zone 4,0,,,,,,"$27,499.78 ",,,#REF!,49834,#REF!
FHA REPOSSESSED HOUSES (GROUP V),0,0,Food Waste Disposer,29,0,0,,,,,,"$49,843.34 ",,,#REF!,49863,#REF!
FHA REPOSSESSED HOUSES (GROUP VI),0,0,Food Waste Disposer,6,0,0,,,,,,"$10,312.42 ",,,#REF!,49869,#REF!
FHA REPOSSESSED HOUSES (GROUP VII),0,0,Food Waste Disposer,5,0,0,,,,,,"$8,593.68 ",,,#REF!,49874,#REF!
FHA REPOSSESSED HOUSES (GROUP VIII),0,0,Food Waste Disposer,5,0,0,,,,,,"$8,593.68 ",,,#REF!,49879,#REF!
FHA REPOSSESSED HOUSES (GROUP X),0,0,Food Waste Disposer,16,0,0,,,,,,"$27,499.78 ",,,#REF!,49895,#REF!
FIORENTINO PLAZA,BROOKLYN,0,Food Waste Disposer,158,0,0,2026+,,,,,"$271,560.28 ",,,#REF!,50053,#REF!
FIRST HOUSES,MANHATTAN,Newtown Creek,Food Waste Disposer,126,Zone 1,4,2026+,,,,,"$216,560.73 ",,,#REF!,50179,#REF!
FOREST,BRONX,0,Food Waste Disposer,1348,Zone 4,0,2026+,,,,,"$2,316,856.06 ",,,#REF!,51527,#REF!
FORT INDEPENDENCE STREET-HEATH AVENUE,BRONX,0,Food Waste Disposer,342,0,0,,,,,,"$587,807.69 ",,,#REF!,51869,#REF!
FORT WASHINGTON AVENUE REHAB,MANHATTAN,0,Food Waste Disposer,226,Zone 3,4,2020-2021,,,,,"$388,434.32 ",,,#REF!,52095,#REF!
FULTON,MANHATTAN,0,Food Waste Disposer,944,Zone 3,4,,,,,,"$1,622,486.73 ",,,#REF!,53039,#REF!
GARVEY (GROUP A),BROOKLYN,0,Food Waste Disposer,320,0,0,,,,,,"$549,995.50 ",,,#REF!,53359,#REF!
GLEBE AVENUE-WESTCHESTER AVENUE,BRONX,0,Food Waste Disposer,131,0,0,2026+,,,,,"$225,154.41 ",,,#REF!,53490,#REF!
GLENMORE PLAZA,BROOKLYN,0,Food Waste Disposer,439,0,0,,,,,,"$754,525.08 ",,,#REF!,53929,#REF!
GLENWOOD,BROOKLYN,0,Food Waste Disposer,1186,0,0,2026+,,,,,"$2,038,420.83 ",,,#REF!,55115,#REF!
GOMPERS,MANHATTAN,Newtown Creek,Food Waste Disposer,472,Zone 1,4,,,,,,"$811,243.37 ",,,#REF!,55587,#REF!
GOWANUS,BROOKLYN,0,Food Waste Disposer,1137,0,0,2026+,,,,,"$1,954,202.77 ",,,#REF!,56724,#REF!
GRAMPION,MANHATTAN,0,Food Waste Disposer,35,Zone 3,4,2020-2021,,,,,"$60,155.76 ",,,#REF!,56759,#REF!
GRANT,MANHATTAN,0,Food Waste Disposer,1939,Zone 2,1,2026+,,,,,"$3,332,629.00 ",,,#REF!,58698,#REF!
GRAVESEND,BROOKLYN,0,Food Waste Disposer,627,0,0,2026+,,,,,"$1,077,647.44 ",,,#REF!,59325,#REF!
GUN HILL,BRONX,0,Food Waste Disposer,732,0,0,,,,,,"$1,258,114.71 ",,,#REF!,60057,#REF!
HABER,BROOKLYN,0,Food Waste Disposer,380,0,0,,,,,,"$653,119.66 ",,,#REF!,60437,#REF!
HAMMEL,QUEENS,0,Food Waste Disposer,710,0,0,2026+,,,,,"$1,220,302.52 ",,,#REF!,61147,#REF!
HARBORVIEW TERRACE,MANHATTAN,0,Food Waste Disposer,377,0,0,,,,,,"$647,963.45 ",,,#REF!,61524,#REF!
HARLEM RIVER,MANHATTAN,0,Food Waste Disposer,574,Zone 3,4,2020-2021,,,,,"$986,554.43 ",,,#REF!,62098,#REF!
HARLEM RIVER II,MANHATTAN,0,Food Waste Disposer,116,Zone 3,3,2020-2021,,,,,"$199,373.37 ",,,#REF!,62214,#REF!
HARRISON AVENUE REHAB (GROUP A),BRONX,0,Food Waste Disposer,34,0,0,,,,,,"$58,437.02 ",,,#REF!,62248,#REF!
HARRISON AVENUE REHAB (GROUP B),BRONX,0,Food Waste Disposer,150,0,0,,,,,,"$257,810.39 ",,,#REF!,62398,#REF!
HERNANDEZ,MANHATTAN,Newtown Creek,Food Waste Disposer,149,Zone 1,3,,,,,,"$256,091.66 ",,,#REF!,62547,#REF!
HIGHBRIDGE GARDENS,BRONX,0,Food Waste Disposer,700,Zone 1,4,,,,,,"$1,203,115.16 ",,,#REF!,63247,#REF!
HOE AVENUE-EAST 173RD STREET,BRONX,0,Food Waste Disposer,65,0,0,,,,,,"$111,717.84 ",,,#REF!,63312,#REF!
HOLMES TOWERS,MANHATTAN,0,Food Waste Disposer,536,0,0,,,,,,"$921,242.47 ",,,#REF!,63848,#REF!
HOWARD,BROOKLYN,0,Food Waste Disposer,813,0,0,2026+,,,,,"$1,397,332.33 ",,,#REF!,64661,#REF!
HOWARD AVENUE,BROOKLYN,0,Food Waste Disposer,148,0,0,2022-2025,,,,,"$254,372.92 ",,,#REF!,64809,#REF!
HOWARD AVENUE-PARK PLACE,BROOKLYN,0,Food Waste Disposer,155,Zone 4,0,2022-2025,,,,,"$266,404.07 ",,,#REF!,64964,#REF!
HUGHES APARTMENTS,BROOKLYN,0,Food Waste Disposer,509,0,0,,,,,,"$874,836.60 ",,,#REF!,65473,#REF!
HUNTS POINT AVENUE REHAB,BRONX,0,Food Waste Disposer,131,Zone 3,0,,,,,,"$225,154.41 ",,,#REF!,65604,#REF!
HYLAN,BROOKLYN,Newtown Creek,Food Waste Disposer,209,Zone 1,4,,,,,,"$359,215.81 ",,,#REF!,65813,#REF!
INDEPENDENCE,BROOKLYN,Newtown Creek,Food Waste Disposer,741,0,0,2019,,,,,"$1,273,583.34 ",,,#REF!,66554,#REF!
INGERSOLL,BROOKLYN,Newtown Creek,Food Waste Disposer,1830,0,0,,,,,,"$3,145,286.78 ",,,#REF!,68384,#REF!
INTERNATIONAL TOWER,QUEENS,0,Food Waste Disposer,146,0,0,,,,,,"$250,935.45 ",,,#REF!,68530,#REF!
ISAACS,MANHATTAN,0,Food Waste Disposer,634,0,0,,,,,,"$1,089,678.59 ",,,#REF!,69164,#REF!
JACKSON,BRONX,0,Food Waste Disposer,868,Zone 1,4,,,,,,"$1,491,862.80 ",,,#REF!,70032,#REF!
JEFFERSON,MANHATTAN,0,Food Waste Disposer,1486,Zone 2,3,2026+,,,,,"$2,554,041.62 ",,,#REF!,71518,#REF!
JOHNSON,MANHATTAN,0,Food Waste Disposer,1296,Zone 2,2,2026+,,,,,"$2,227,481.79 ",,,#REF!,72814,#REF!
KING TOWERS,MANHATTAN,0,Food Waste Disposer,1377,Zone 2,2,,,,,,"$2,366,699.40 ",,,#REF!,74191,#REF!
KINGSBOROUGH,BROOKLYN,Newtown Creek,Food Waste Disposer,1154,Zone 3,4,,,,,,"$1,983,421.28 ",,,#REF!,75345,#REF!
KINGSBOROUGH EXTENSION,BROOKLYN,Newtown Creek,Food Waste Disposer,182,Zone 4,0,,,,,,"$312,809.94 ",,,#REF!,75527,#REF!
LA GUARDIA,MANHATTAN,Newtown Creek,Food Waste Disposer,1091,Zone 1,3,,,,,,"$1,875,140.92 ",,,#REF!,76618,#REF!
LA GUARDIA ADDITION,MANHATTAN,Newtown Creek,Food Waste Disposer,149,Zone 1,4,,,,,,"$256,091.66 ",,,#REF!,76767,#REF!
LATIMER GARDENS,QUEENS,0,Food Waste Disposer,423,0,0,,,,,,"$727,025.31 ",,,#REF!,77190,#REF!
LEAVITT STREET-34TH AVENUE,QUEENS,0,Food Waste Disposer,83,0,0,,,,,,"$142,655.08 ",,,#REF!,77273,#REF!
LEHMAN VILLAGE,MANHATTAN,0,Food Waste Disposer,617,0,0,,,,,,"$1,060,460.08 ",,,#REF!,77890,#REF!
LENOX ROAD-ROCKAWAY PARKWAY,BROOKLYN,0,Food Waste Disposer,74,0,0,2020-2021,,,,,"$127,186.46 ",,,#REF!,77964,#REF!
LEXINGTON,MANHATTAN,0,Food Waste Disposer,448,Zone 2,4,2022-2025,,,,,"$769,993.70 ",,,#REF!,78412,#REF!
LINCOLN,MANHATTAN,0,Food Waste Disposer,1280,Zone 2,1,2026+,,,,,"$2,199,982.01 ",,,#REF!,79692,#REF!
LINDEN,BROOKLYN,0,Food Waste Disposer,1586,0,0,2020-2021,,,,,"$2,725,915.21 ",,,#REF!,81278,#REF!
LONG ISLAND BAPTIST HOUSES,BROOKLYN,0,Food Waste Disposer,229,0,0,2026+,,,,,"$393,590.53 ",,,#REF!,81507,#REF!
LONGFELLOW AVENUE REHAB,BRONX,0,Food Waste Disposer,75,0,0,,,,,,"$128,905.20 ",,,#REF!,81582,#REF!
LOW HOUSES,BROOKLYN,0,Food Waste Disposer,534,0,0,,,,,,"$917,805.00 ",,,#REF!,82116,#REF!
LOWER EAST SIDE I INFILL,MANHATTAN,Newtown Creek,Food Waste Disposer,189,Zone 1,3,,,,,,"$324,841.09 ",,,#REF!,82305,#REF!
LOWER EAST SIDE II,MANHATTAN,Newtown Creek,Food Waste Disposer,188,Zone 1,4,2026+,,,,,"$323,122.36 ",,,#REF!,82493,#REF!
LOWER EAST SIDE III,MANHATTAN,Newtown Creek,Food Waste Disposer,56,Zone 1,4,,,,,,"$96,249.21 ",,,#REF!,82549,#REF!
LOWER EAST SIDE REHAB (GROUP 5),MANHATTAN,Newtown Creek,Food Waste Disposer,55,Zone 1,3,2026+,,,,,"$94,530.48 ",,,#REF!,82604,#REF!
MANHATTANVILLE,MANHATTAN,0,Food Waste Disposer,1272,Zone 2,4,2026+,,,,,"$2,186,232.13 ",,,#REF!,83876,#REF!
MANHATTANVILLE REHAB (GROUP 2),MANHATTAN,0,Food Waste Disposer,46,Zone 3,4,2020-2021,,,,,"$79,061.85 ",,,#REF!,83922,#REF!
MANHATTANVILLE REHAB (GROUP 3),MANHATTAN,0,Food Waste Disposer,51,Zone 3,4,2020-2021,,,,,"$87,655.53 ",,,#REF!,83973,#REF!
MARBLE HILL,BRONX,0,Food Waste Disposer,1680,0,0,,,,,,"$2,887,476.39 ",,,#REF!,85653,#REF!
MARCY,BROOKLYN,Newtown Creek,Food Waste Disposer,1716,Zone 1,3,2026+,,,,,"$2,949,350.89 ",,,#REF!,87369,#REF!
MARCY AVENUE-GREENE AVENUE SITE A,BROOKLYN,0,Food Waste Disposer,48,Zone 1,4,2019,,,,,"$82,499.33 ",,,#REF!,87417,#REF!
MARCY AVENUE-GREENE AVENUE SITE B,BROOKLYN,0,Food Waste Disposer,30,0,0,2019,,,,,"$51,562.08 ",,,#REF!,87447,#REF!
MARINER'S HARBOR,STATEN ISLAND,0,Food Waste Disposer,606,0,0,2026+,,,,,"$1,041,553.98 ",,,#REF!,88053,#REF!
MARLBORO,BROOKLYN,0,Food Waste Disposer,1764,0,0,2026+,,,,,"$3,031,850.21 ",,,#REF!,89817,#REF!
MARSHALL PLAZA,MANHATTAN,0,Food Waste Disposer,180,Zone 3,3,2020-2021,,,,,"$309,372.47 ",,,#REF!,89997,#REF!
MCKINLEY,BRONX,0,Food Waste Disposer,615,Zone 4,0,2026+,,,,,"$1,057,022.61 ",,,#REF!,90612,#REF!
MELROSE,BRONX,0,Food Waste Disposer,1021,Zone 1,4,2022-2025,,,,,"$1,754,829.40 ",,,#REF!,91633,#REF!
METRO NORTH PLAZA,MANHATTAN,0,Food Waste Disposer,271,Zone 2,4,2026+,,,,,"$465,777.44 ",,,#REF!,91904,#REF!
MIDDLETOWN PLAZA,BRONX,0,Food Waste Disposer,177,0,0,2026+,,,,,"$304,216.26 ",,,#REF!,92081,#REF!
MILL BROOK,BRONX,0,Food Waste Disposer,1251,0,0,,,,,,"$2,150,138.67 ",,,#REF!,93332,#REF!
MILL BROOK EXTENSION,BRONX,0,Food Waste Disposer,125,0,0,,,,,,"$214,841.99 ",,,#REF!,93457,#REF!
MITCHEL,BRONX,0,Food Waste Disposer,1732,0,0,2026+,,,,,"$2,976,850.66 ",,,#REF!,95189,#REF!
MONROE,BRONX,0,Food Waste Disposer,1100,Zone 3,4,2026+,,,,,"$1,890,609.54 ",,,#REF!,96289,#REF!
MOORE,BRONX,0,Food Waste Disposer,463,Zone 3,3,2026+,,,,,"$795,774.74 ",,,#REF!,96752,#REF!
MORRIS I,BRONX,0,Food Waste Disposer,1083,Zone 1,3,,,,,,"$1,861,391.03 ",,,#REF!,97835,#REF!
MORRIS II,BRONX,0,Food Waste Disposer,802,Zone 1,2,,,,,,"$1,378,426.23 ",,,#REF!,98637,#REF!
MORRIS PARK SENIOR CITIZENS HOME,MANHATTAN,0,Food Waste Disposer,97,Zone 2,1,,,,,,"$166,717.39 ",,,#REF!,98734,#REF!
MORRISANIA,BRONX,0,Food Waste Disposer,206,Zone 1,1,,,,,,"$354,059.61 ",,,#REF!,98940,#REF!
MORRISANIA AIR RIGHTS,BRONX,0,Food Waste Disposer,841,Zone 1,4,,,,,,"$1,445,456.93 ",,,#REF!,99781,#REF!
MOTT HAVEN,BRONX,0,Food Waste Disposer,992,0,0,2026+,,,,,"$1,704,986.06 ",,,#REF!,100773,#REF!
NEW LANE AREA,STATEN ISLAND,0,Food Waste Disposer,276,0,0,,,,,,"$474,371.12 ",,,#REF!,101049,#REF!
NOSTRAND,BROOKLYN,0,Food Waste Disposer,1146,0,0,2026+,,,,,"$1,969,671.40 ",,,#REF!,102195,#REF!
O'DWYER GARDENS,BROOKLYN,0,Food Waste Disposer,570,0,0,2026+,,,,,"$979,679.49 ",,,#REF!,102765,#REF!
OCEAN BAY APARTMENTS (OCEANSIDE),QUEENS,0,Food Waste Disposer,417,0,0,2026+,,,,,"$716,712.89 ",,,#REF!,103182,#REF!
OCEAN HILL APARTMENTS,BROOKLYN,Newtown Creek,Food Waste Disposer,238,0,0,,,,,,"$409,059.16 ",,,#REF!,103420,#REF!
OCEAN HILL-BROWNSVILLE,BROOKLYN,Newtown Creek,Food Waste Disposer,125,0,0,2022-2025,,,,,"$214,841.99 ",,,#REF!,103545,#REF!
"PARK AVENUE-EAST 122ND, 123RD STREETS",MANHATTAN,0,Food Waste Disposer,90,Zone 3,3,2020-2021,,,,,"$154,686.24 ",,,#REF!,103635,#REF!
PARK ROCK REHAB,BROOKLYN,Newtown Creek,Food Waste Disposer,134,0,0,2022-2025,,,,,"$230,310.62 ",,,#REF!,103769,#REF!
PARKSIDE,BRONX,0,Food Waste Disposer,879,0,0,2026+,,,,,"$1,510,768.90 ",,,#REF!,104648,#REF!
PATTERSON,BRONX,0,Food Waste Disposer,1789,Zone 3,3,2022-2025,,,,,"$3,074,818.61 ",,,#REF!,106437,#REF!
PELHAM PARKWAY,BRONX,0,Food Waste Disposer,1265,0,0,2022-2025,,,,,"$2,174,200.97 ",,,#REF!,107702,#REF!
PENNSYLVANIA AVENUE-WORTMAN AVENUE,BROOKLYN,0,Food Waste Disposer,336,0,0,,,,,,"$577,495.28 ",,,#REF!,108038,#REF!
PINK,BROOKLYN,0,Food Waste Disposer,1500,0,0,,,,,,"$2,578,103.92 ",,,#REF!,109538,#REF!
POLO GROUNDS TOWERS,MANHATTAN,0,Food Waste Disposer,1614,Zone 2,4,,,,,,"$2,774,039.82 ",,,#REF!,111152,#REF!
POMONOK,QUEENS,0,Food Waste Disposer,2069,0,0,2026+,,,,,"$3,556,064.68 ",,,#REF!,113221,#REF!
PUBLIC SCHOOL 139 (CONVERSION),MANHATTAN,0,Food Waste Disposer,125,Zone 3,4,2020-2021,,,,,"$214,841.99 ",,,#REF!,113346,#REF!
QUEENSBRIDGE NORTH,QUEENS,0,Food Waste Disposer,1542,Zone 3,4,2026+,,,,,"$2,650,290.83 ",,,#REF!,114888,#REF!
QUEENSBRIDGE SOUTH,QUEENS,0,Food Waste Disposer,1603,Zone 3,4,2026+,,,,,"$2,755,133.72 ",,,#REF!,116491,#REF!
RALPH AVENUE REHAB,BROOKLYN,0,Food Waste Disposer,118,0,0,2020-2021,,,,,"$202,810.84 ",,,#REF!,116609,#REF!
RANDALL AVENUE-BALCOM AVENUE,BRONX,0,Food Waste Disposer,251,0,0,2020-2021,,,,,"$431,402.72 ",,,#REF!,116860,#REF!
RANGEL,MANHATTAN,0,Food Waste Disposer,982,Zone 2,4,,,,,,"$1,687,798.70 ",,,#REF!,117842,#REF!
RAVENSWOOD,QUEENS,0,Food Waste Disposer,2164,0,0,,,,,,"$3,719,344.59 ",,,#REF!,120006,#REF!
RED HOOK EAST,BROOKLYN,0,Food Waste Disposer,1404,0,0,2022-2025,,,,,"$2,413,105.27 ",,,#REF!,121410,#REF!
RED HOOK WEST,BROOKLYN,0,Food Waste Disposer,1471,0,0,2022-2025,,,,,"$2,528,260.58 ",,,#REF!,122881,#REF!
REDFERN,QUEENS,0,Food Waste Disposer,599,0,0,2020-2021,,,,,"$1,029,522.83 ",,,#REF!,123480,#REF!
REHAB PROGRAM (COLLEGE POINT),QUEENS,0,Food Waste Disposer,13,0,0,,,,,,"$22,343.57 ",,,#REF!,123493,#REF!
REHAB PROGRAM (DOUGLASS REHABS),MANHATTAN,0,Food Waste Disposer,112,Zone 3,0,,,,,,"$192,498.43 ",,,#REF!,123605,#REF!
REHAB PROGRAM (TAFT REHABS),MANHATTAN,0,Food Waste Disposer,156,0,0,,,,,,"$268,122.81 ",,,#REF!,123761,#REF!
REHAB PROGRAM (WISE REHAB),MANHATTAN,0,Food Waste Disposer,40,Zone 4,0,,,,,,"$68,749.44 ",,,#REF!,123801,#REF!
REID APARTMENTS,BROOKLYN,0,Food Waste Disposer,227,0,0,2020-2021,,,,,"$390,153.06 ",,,#REF!,124028,#REF!
RICHMOND TERRACE,STATEN ISLAND,0,Food Waste Disposer,488,0,0,,,,,,"$838,743.14 ",,,#REF!,124516,#REF!
RIIS,MANHATTAN,Newtown Creek,Food Waste Disposer,1191,Zone 1,4,,,,,,"$2,047,014.51 ",,,#REF!,125707,#REF!
RIIS II,MANHATTAN,Newtown Creek,Food Waste Disposer,577,Zone 1,3,,,,,,"$991,710.64 ",,,#REF!,126284,#REF!
ROBBINS PLAZA,MANHATTAN,0,Food Waste Disposer,150,0,0,,,,,,"$257,810.39 ",,,#REF!,126434,#REF!
ROBINSON,MANHATTAN,0,Food Waste Disposer,188,Zone 2,3,,,,,,"$323,122.36 ",,,#REF!,126622,#REF!
ROOSEVELT I,BROOKLYN,Newtown Creek,Food Waste Disposer,761,Zone 1,4,,,,,,"$1,307,958.06 ",,,#REF!,127383,#REF!
ROOSEVELT II,BROOKLYN,Newtown Creek,Food Waste Disposer,342,Zone 1,4,,,,,,"$587,807.69 ",,,#REF!,127725,#REF!
RUTGERS,MANHATTAN,Newtown Creek,Food Waste Disposer,721,Zone 1,4,,,,,,"$1,239,208.62 ",,,#REF!,128446,#REF!
RUTLAND TOWERS,BROOKLYN,0,Food Waste Disposer,60,0,0,2020-2021,,,,,"$103,124.16 ",,,#REF!,128506,#REF!
SACK WERN,BRONX,0,Food Waste Disposer,411,0,0,2022-2025,,,,,"$706,400.47 ",,,#REF!,128917,#REF!
SAINT MARY'S PARK,BRONX,0,Food Waste Disposer,1005,Zone 3,4,2026+,,,,,"$1,727,329.63 ",,,#REF!,129922,#REF!
SAINT NICHOLAS,MANHATTAN,0,Food Waste Disposer,1525,Zone 2,4,2026+,,,,,"$2,621,072.32 ",,,#REF!,131447,#REF!
SAMUEL (CITY),MANHATTAN,0,Food Waste Disposer,664,Zone 2,3,2020-2021,,,,,"$1,141,240.67 ",,,#REF!,132111,#REF!
SAMUEL (MHOP) I,MANHATTAN,0,Food Waste Disposer,24,0,0,2020-2021,,,,,"$41,249.66 ",,,#REF!,132135,#REF!
SAMUEL (MHOP) II,MANHATTAN,0,Food Waste Disposer,4,0,0,2020-2021,,,,,"$6,874.94 ",,,#REF!,132139,#REF!
SAMUEL (MHOP) III,MANHATTAN,0,Food Waste Disposer,1,0,0,2020-2021,,,,,"$1,718.74 ",,,#REF!,132140,#REF!
SARATOGA VILLAGE,BROOKLYN,Newtown Creek,Food Waste Disposer,125,0,0,,,,,,"$214,841.99 ",,,#REF!,132265,#REF!
SEDGWICK,BRONX,0,Food Waste Disposer,783,0,0,,,,,,"$1,345,770.25 ",,,#REF!,133048,#REF!
SEWARD PARK EXTENSION,MANHATTAN,Newtown Creek,Food Waste Disposer,360,Zone 1,4,,,,,,"$618,744.94 ",,,#REF!,133408,#REF!
SHEEPSHEAD BAY,BROOKLYN,0,Food Waste Disposer,1054,0,0,2026+,,,,,"$1,811,547.69 ",,,#REF!,134462,#REF!
SHELTON HOUSE,QUEENS,0,Food Waste Disposer,153,0,0,,,,,,"$262,966.60 ",,,#REF!,134615,#REF!
SMITH,MANHATTAN,Newtown Creek,Food Waste Disposer,1934,Zone 1,4,,,,,,"$3,324,035.32 ",,,#REF!,136549,#REF!
SOTOMAYOR HOUSES,BRONX,0,Food Waste Disposer,1495,0,0,2026+,,,,,"$2,569,510.24 ",,,#REF!,138044,#REF!
SOUNDVIEW,BRONX,0,Food Waste Disposer,1258,0,0,2022-2025,,,,,"$2,162,169.82 ",,,#REF!,139302,#REF!
SOUTH BEACH,STATEN ISLAND,0,Food Waste Disposer,421,0,0,,,,,,"$723,587.83 ",,,#REF!,139723,#REF!
SOUTH BRONX AREA (SITE 402),BRONX,0,Food Waste Disposer,112,Zone 3,3,2026+,,,,,"$192,498.43 ",,,#REF!,139835,#REF!
SOUTH JAMAICA I,QUEENS,0,Food Waste Disposer,448,0,0,2026+,,,,,"$769,993.70 ",,,#REF!,140283,#REF!
SOUTH JAMAICA II,QUEENS,0,Food Waste Disposer,598,0,0,2026+,,,,,"$1,027,804.10 ",,,#REF!,140881,#REF!
STANTON STREET,MANHATTAN,Newtown Creek,Food Waste Disposer,13,0,0,,,,,,"$22,343.57 ",,,#REF!,140894,#REF!
STAPLETON,STATEN ISLAND,0,Food Waste Disposer,693,0,0,,,,,,"$1,191,084.01 ",,,#REF!,141587,#REF!
STEBBINS AVENUE-HEWITT PLACE,BRONX,0,Food Waste Disposer,119,Zone 3,2,2026+,,,,,"$204,529.58 ",,,#REF!,141706,#REF!
STERLING PLACE REHABS (SAINT JOHNS-STERLING),BROOKLYN,Newtown Creek,Food Waste Disposer,83,0,0,2022-2025,,,,,"$142,655.08 ",,,#REF!,141789,#REF!
STERLING PLACE REHABS (STERLING-BUFFALO),BROOKLYN,Newtown Creek,Food Waste Disposer,125,0,0,2022-2025,,,,,"$214,841.99 ",,,#REF!,141914,#REF!
STRAUS,MANHATTAN,Newtown Creek,Food Waste Disposer,267,0,0,,,,,,"$458,902.50 ",,,#REF!,142181,#REF!
STUYVESANT GARDENS I,BROOKLYN,Newtown Creek,Food Waste Disposer,329,0,0,2026+,,,,,"$565,464.13 ",,,#REF!,142510,#REF!
STUYVESANT GARDENS II,BROOKLYN,Newtown Creek,Food Waste Disposer,150,0,0,2026+,,,,,"$257,810.39 ",,,#REF!,142660,#REF!
SUMNER,BROOKLYN,Newtown Creek,Food Waste Disposer,1098,Zone 1,4,,,,,,"$1,887,172.07 ",,,#REF!,143758,#REF!
SURFSIDE GARDENS,BROOKLYN,0,Food Waste Disposer,594,0,0,,,,,,"$1,020,929.15 ",,,#REF!,144352,#REF!
SUTTER AVENUE-UNION STREET,BROOKLYN,0,Food Waste Disposer,100,0,0,2020-2021,,,,,"$171,873.59 ",,,#REF!,144452,#REF!
TAFT,MANHATTAN,0,Food Waste Disposer,1463,Zone 2,2,2026+,,,,,"$2,514,510.69 ",,,#REF!,145915,#REF!
TAPSCOTT STREET REHAB,BROOKLYN,0,Food Waste Disposer,155,0,0,2020-2021,,,,,"$266,404.07 ",,,#REF!,146070,#REF!
TAYLOR STREET-WYTHE AVENUE,BROOKLYN,Newtown Creek,Food Waste Disposer,525,0,0,,,,,,"$902,336.37 ",,,#REF!,146595,#REF!
TELLER AVENUE-EAST 166TH STREET,BRONX,0,Food Waste Disposer,90,Zone 1,4,2022-2025,,,,,"$154,686.24 ",,,#REF!,146685,#REF!
THOMAS APARTMENTS,MANHATTAN,0,Food Waste Disposer,87,Zone 4,0,,,,,,"$149,530.03 ",,,#REF!,146772,#REF!
THROGGS NECK,BRONX,0,Food Waste Disposer,1182,0,0,2020-2021,,,,,"$2,031,545.89 ",,,#REF!,147954,#REF!
THROGGS NECK ADDITION,BRONX,0,Food Waste Disposer,287,0,0,2020-2021,,,,,"$493,277.22 ",,,#REF!,148241,#REF!
TILDEN,BROOKLYN,0,Food Waste Disposer,998,0,0,,,,,,"$1,715,298.48 ",,,#REF!,149239,#REF!
TODT HILL,STATEN ISLAND,0,Food Waste Disposer,502,0,0,,,,,,"$862,805.45 ",,,#REF!,149741,#REF!
TOMPKINS,BROOKLYN,Newtown Creek,Food Waste Disposer,1045,Zone 1,4,2026+,,,,,"$1,796,079.07 ",,,#REF!,150786,#REF!
TWIN PARKS EAST (SITE 9),BRONX,0,Food Waste Disposer,219,Zone 1,4,,,,,,"$376,403.17 ",,,#REF!,151005,#REF!
UNION AVENUE-EAST 163RD STREET,BRONX,0,Food Waste Disposer,199,Zone 3,4,2026+,,,,,"$342,028.45 ",,,#REF!,151204,#REF!
UNION AVENUE-EAST 166TH STREET,BRONX,0,Food Waste Disposer,120,Zone 3,4,2026+,,,,,"$206,248.31 ",,,#REF!,151324,#REF!
"UNITY PLAZA (SITES 17,24,25A)",BROOKLYN,0,Food Waste Disposer,167,0,0,2026+,,,,,"$287,028.90 ",,,#REF!,151491,#REF!
UNITY PLAZA (SITES 4-27),BROOKLYN,0,Food Waste Disposer,460,0,0,2026+,,,,,"$790,618.54 ",,,#REF!,151951,#REF!
UNIVERSITY AVENUE REHAB,BRONX,0,Food Waste Disposer,230,0,0,,,,,,"$395,309.27 ",,,#REF!,152181,#REF!
UPACA (SITE 5),MANHATTAN,0,Food Waste Disposer,179,Zone 2,4,,,,,,"$307,653.73 ",,,#REF!,152360,#REF!
UPACA (SITE 6),MANHATTAN,0,Food Waste Disposer,150,Zone 2,4,,,,,,"$257,810.39 ",,,#REF!,152510,#REF!
VAN DYKE I,BROOKLYN,0,Food Waste Disposer,1603,0,0,2022-2025,,,,,"$2,755,133.72 ",,,#REF!,154113,#REF!
VAN DYKE II,BROOKLYN,0,Food Waste Disposer,111,0,0,,,,,,"$190,779.69 ",,,#REF!,154224,#REF!
VANDALIA AVENUE,BROOKLYN,0,Food Waste Disposer,288,0,0,,,,,,"$494,995.95 ",,,#REF!,154512,#REF!
VLADECK,MANHATTAN,Newtown Creek,Food Waste Disposer,1527,Zone 1,3,,,,,,"$2,624,509.79 ",,,#REF!,156039,#REF!
VLADECK II,MANHATTAN,Newtown Creek,Food Waste Disposer,240,Zone 1,4,,,,,,"$412,496.63 ",,,#REF!,156279,#REF!
WAGNER,MANHATTAN,0,Food Waste Disposer,2151,Zone 2,4,2026+,,,,,"$3,697,001.02 ",,,#REF!,158430,#REF!
WALD,MANHATTAN,Newtown Creek,Food Waste Disposer,1861,Zone 1,4,,,,,,"$3,198,567.60 ",,,#REF!,160291,#REF!
WASHINGTON,MANHATTAN,0,Food Waste Disposer,1515,Zone 2,2,2022-2025,,,,,"$2,603,884.96 ",,,#REF!,161806,#REF!
WASHINGTON HEIGHTS REHAB (GROUPS 1&2),MANHATTAN,0,Food Waste Disposer,215,0,0,2020-2021,,,,,"$369,528.23 ",,,#REF!,162021,#REF!
WASHINGTON HEIGHTS REHAB PHASE III (FORT WASHINGTON),MANHATTAN,0,Food Waste Disposer,88,0,0,,,,,,"$151,248.76 ",,,#REF!,162109,#REF!
WASHINGTON HEIGHTS REHAB PHASE III (HARLEM RIVER),MANHATTAN,0,Food Waste Disposer,14,0,0,,,,,,"$24,062.30 ",,,#REF!,162123,#REF!
WASHINGTON HEIGHTS REHAB PHASE IV (C),MANHATTAN,0,Food Waste Disposer,32,0,0,2020-2021,,,,,"$54,999.55 ",,,#REF!,162155,#REF!
WASHINGTON HEIGHTS REHAB PHASE IV (D),MANHATTAN,0,Food Waste Disposer,32,0,0,2020-2021,,,,,"$54,999.55 ",,,#REF!,162187,#REF!
WEBSTER,BRONX,0,Food Waste Disposer,606,Zone 1,4,,,,,,"$1,041,553.98 ",,,#REF!,162793,#REF!
WEEKSVILLE GARDENS,BROOKLYN,Newtown Creek,Food Waste Disposer,256,0,0,2019,,,,,"$439,996.40 ",,,#REF!,163049,#REF!
WEST BRIGHTON I,STATEN ISLAND,0,Food Waste Disposer,487,0,0,,,,,,"$837,024.41 ",,,#REF!,163536,#REF!
WEST BRIGHTON II,STATEN ISLAND,0,Food Waste Disposer,120,0,0,,,,,,"$206,248.31 ",,,#REF!,163656,#REF!
WEST FARMS ROAD REHAB,BRONX,0,Food Waste Disposer,208,0,0,,,,,,"$357,497.08 ",,,#REF!,163864,#REF!
WEST FARMS SQUARE CONVENTIONAL,BRONX,0,Food Waste Disposer,20,0,0,,,,,,"$34,374.72 ",,,#REF!,163884,#REF!
WEST TREMONT AVENUE-SEDGWICK AVENUE AREA,BRONX,0,Food Waste Disposer,148,Zone 4,0,,,,,,"$254,372.92 ",,,#REF!,164032,#REF!
WHITE,MANHATTAN,0,Food Waste Disposer,246,Zone 2,4,2026+,,,,,"$422,809.04 ",,,#REF!,164278,#REF!
WHITMAN,BROOKLYN,Newtown Creek,Food Waste Disposer,1651,0,0,,,,,,"$2,837,633.05 ",,,#REF!,165929,#REF!
WILLIAMS PLAZA,BROOKLYN,Newtown Creek,Food Waste Disposer,577,0,0,2019,,,,,"$991,710.64 ",,,#REF!,166506,#REF!
WILLIAMSBURG,BROOKLYN,Newtown Creek,Food Waste Disposer,1627,0,0,2020-2021,,,,,"$2,796,383.39 ",,,#REF!,168133,#REF!
WILSON,MANHATTAN,0,Food Waste Disposer,398,Zone 2,4,2026+,,,,,"$684,056.91 ",,,#REF!,168531,#REF!
WISE TOWERS,MANHATTAN,0,Food Waste Disposer,397,Zone 4,0,2020-2021,,,,,"$682,338.17 ",,,#REF!,168928,#REF!
WOODSIDE,QUEENS,0,Food Waste Disposer,1355,0,0,,,,,,"$2,328,887.21 ",,,#REF!,170283,#REF!
WOODSON,BROOKLYN,0,Food Waste Disposer,407,0,0,,,,,,"$699,525.53 ",,,#REF!,170690,#REF!
WSUR (BROWNSTONES),MANHATTAN,0,Food Waste Disposer,236,Zone 4,0,,,,,,"$405,621.68 ",,,#REF!,170926,#REF!
WSUR (SITE A) 120 WEST 94TH STREET,MANHATTAN,0,Food Waste Disposer,69,Zone 4,0,,,,,,"$118,592.78 ",,,#REF!,170995,#REF!
WSUR (SITE B) 74 WEST 92ND STREET,MANHATTAN,0,Food Waste Disposer,168,Zone 4,0,,,,,,"$288,747.64 ",,,#REF!,171163,#REF!
WSUR (SITE C) 589 AMSTERDAM AVENUE,MANHATTAN,0,Food Waste Disposer,158,0,0,,,,,,"$271,560.28 ",,,#REF!,171321,#REF!
WYCKOFF GARDENS,BROOKLYN,0,Food Waste Disposer,528,0,0,,,,,,"$907,492.58 ",,,#REF!,171849,#REF!