MAKE,MODEL,TYPE
TENNANT,S30,SWEEPER
JOHN DEERE,4052R,TRACTOR
JOHN DEERE,4044R,TRACTOR
JOHN DEERE,4120,TRACTOR
JDEERE,Gator 4x4,TRACTOR
JOHN DEERE,8B93:B20855 GATOR,TRACTOR
JOHN DEERE,855 D GATOR,TRACTOR
JOHN DEERE,855 GATOR,TRACTOR
JDEERE,X710,MOWER
JOHN DEERE,X710,MOWER
JOHN DEERE,X730,MOWER
JDEERE,318D,SKIDSTEER
JOHN DEERE,318E,SKIDSTEER
JOHN DEERE,318G,SKIDSTEER
JOHN DEERE,Z920M,MOWER
JDEERE,Z920R,MOWER
JOHN DEERE,Z920R,MOWER
JOHN DEERE,Z920-A,MOWER
JOHN DEERE,Z930R,MOWER
TENNNAT,4300,VAC
TENNANT,4300,VAC
TENNANT,800,SWEEPER
BOBCAT,5600,TOOLCAT
BOBCAT,S630,SKIDSTEER
BOBCAT INTL.,S630,SKIDSTEER
BOBCAT,S550,SKIDSTEER
BOBCAT,5610,TOOLCAT
BOBCAT,S70,SKIDSTEER
JOHN DEERE,317,TRACTOR
JOHN DEERE,324G,SKIDSTEER
JOHN DEERE,1023E,TRACTOR
JOHN DEERE,XUV856M,TRACTOR
JOHN DEERE,Z920,MOWER
JOHN DEERE,GATOR,TRACTOR
JOHN DEERE,318D,SKIDSTEER
JOHN DEERE,4410,TRACTOR
JOHN DEERE,Z820,MOWER