MAKE,MODL,YEAR,DESCRIPTION,SERIAL #,PO #, COST ,DATE,LOCATION,Tag # 
TENNANT,S30,2016,SWEEPER,7741,1615411,"$48,687.07 ",8/2/16,SACKWERN,MA-489569
TENNANT,S30,2016,SWEEPER,7747,1615411,"$48,687.07 ",8/2/16,SOUNDVIEW,MA-489570
TENNANT,S30,2016,SWEEPER,7754,1615411,"$48,687.07 ",8/4/16,KING TOWERS,MA-489571
TENNANT,S30,2016,SWEEPER,7761,1615411,"$48,687.07 ",8/4/16,BAYCHESTER,MA-489572
TENNANT,S30,2016,SWEEPER,7762,1615411,"$48,687.07 ",8/9/16,DYCKMAN,MA-489573
TENNANT,S30,2016,SWEEPER,7771,1615411,"$48,687.07 ",8/9/16,MANHATTANVILLE,MA-489574
TENNANT,S30,2016,SWEEPER,7777,1615411,"$48,687.07 ",8/17/16,BUSHWICK,MA-489575
TENNANT,S30,2016,SWEEPER,7783,1615411,"$48,687.07 ",8/17/16,CONEY ISLAND,MA-489576
TENNANT,S30,2016,SWEEPER,7787,1615411,"$48,687.07 ",8/17/16,JEFFERSON,MA-489577
TENNANT,S30,2016,SWEEPER,7796,1615411,"$48,687.07 ",8/25/16,SETHLOW,MA-489578
TENNANT,S30,2016,SWEEPER,7798,1615411,"$48,687.07 ",8/25/16,ALBANY,MA-489579
TENNANT,S30,2016,SWEEPER,7809,1615411,"$48,687.07 ",8/25/16,WOODSIDE,MA-489580
TENNANT,S30,2016,SWEEPER,7811,1615411,"$48,687.07 ",8/31/16,GLENWOOD,MA-489581
TENNANT,S30,2016,SWEEPER,7815,1615411,"$48,687.07 ",8/31/16,GOWANUS,MA-489582
TENNANT,S30,2016,SWEEPER,7819,1615411,"$48,687.07 ",8/31/16,OCEANBAY,MA-489583
TENNANT,S30,2016,SWEEPER,7926,1624897,"$48,687.07 ",11/9/16,ASTORIA,MA-489618
TENNANT,S30,2016,SWEEPER,7929,1624897,"$48,687.07 ",11/9/16,BAISLEY,MA-489619
TENNANT,S30,2016,SWEEPER,7931,1624897,"$48,687.07 ",11/21/16,FARRAGUT,MA-489644
TENNANT,S30,2016,SWEEPER,7938,1624897,"$48,687.07 ",11/21/16,GOMPERS,MA-489643
TENNANT,S30,2016,SWEEPER,7945,1624897,"$48,687.07 ",11/21/16,HIGHBRIDGE GARDENS,MA-489641
TENNANT,S30,2016,SWEEPER,7949,1624897,"$48,687.07 ",11/21/16,DREW HAMILTON,MA-489638
TENNANT,S30,2016,SWEEPER,7952,1624897,"$48,687.07 ",11/21/16,MORRIS,MA-489639
TENNANT,S30,2016,SWEEPER,7956,1624897,"$48,687.07 ",11/21/16,CAREY GARDENS,MA-489642
TENNANT,S30,2016,SWEEPER,7960,1624897,"$48,687.07 ",11/21/16,FOREST,MA-489640
TENNANT,S30,2016,SWEEPER,7963,1624897,"$48,687.07 ",12/21/16,TOMPKINS,MA-489698
TENNANT,S30,2016,SWEEPER,7967,1624897,"$48,687.07 ",12/9/16,SEDGWICK,MA-489683
TENNANT,S30,2016,SWEEPER,7970,1624897,"$48,687.07 ",12/9/16,PELHAM PARKWAY,MA-489682
TENNANT,S30,2016,SWEEPER,7973,1624897,"$48,687.07 ",12/21/16,WHITMAN,MA-489697
TENNANT,S30,2016,SWEEPER,7976,1624897,"$48,687.07 ",12/19/16,LAQUARDIA,MA-489692
TENNANT,S30,2016,SWEEPER,7982,1624897,"$48,687.07 ",12/19/16,LINDEN,MA-489691
TENNANT,S30,2016,SWEEPER,7985,1624897,"$48,687.07 ",12/19/16,MARCY,MA-489690
TENNANT,S30,2016,SWEEPER,7988,1624897,"$48,687.07 ",12/19/16,MORRISANIA AIR RIGHTS,MA-489688
TENNANT,S30,2016,SWEEPER,7991,1624897,"$48,687.07 ",12/19/16,O'DWYER GARDENS,MA-489689
TENNANT,S30,2016,SWEEPER,8005,1624897,"$48,687.07 ",12/22/16,SUMNER,MA-489709
TENNANT,S30,2016,SWEEPER,8008,1624897,"$48,687.07 ",12/22/16,TODT HILL,MA-489699
TENNANT ,S30,2017,SWEEPER,8609,1728882,"$48,687.07 ",12/27/17,LAFAYETTE,MA-489793
TENNANT ,S30,2017,SWEEPER,8612,1728882,"$48,687.07 ",12/27/17,RAVENSWOOD,MA-489794
TENNANT ,S30,2017,SWEEPER,8615,1728882,"$48,687.07 ",12/27/17,ELLIOTT /CHELSEA,MA-489795
TENNANT ,S30,2017,SWEEPER,8617,1728882,"$48,687.07 ",12/27/17,PARKSIDE,MA-489796
    JOHN DEERE,     4052R,2016,     TRACTOR,     1LV4052RAFH240488,1528287,"$47,500.00 ",12/24/15,QUEENSBRIDGE NORTH,        MA-489358
    JOHN DEERE,     4052R,2016,     TRACTOR,     1LV4052RAFH240524,1528287,"$47,500.00 ",  12/30/2015,RAVENSWOOD,        MA-489356
    JOHN DEERE,     4052R,2016,     TRACTOR,     1LV4052RAFH240538,1528287,"$47,500.00 ",  12/24/2015,        GUNHILL/ PARKSIDE,        MA-489349
    JOHN DEERE,     4052R,2016,     TRACTOR,     1LV4052RCFH240519,1528287,"$47,500.00 ",  12/30/2015,LAFAYETTE,MA-489351
    JOHN DEERE,     4052R,2016,     TRACTOR,     1LV4052RCFH240567,1528287,"$47,500.00 ",12/28/15,DREW HAMILTON,        MA-489355
    JOHN DEERE,     4052R,2016,     TRACTOR,     1LV4052REFH240527,1528287,"$47,500.00 ",12/28/15,LES 2,        MA-489354
    JOHN DEERE,     4052R,2016,     TRACTOR,     1LV4052RHFH240560,1528287,"$47,500.00 ",  12/24/2015,CASTLE HILL,        MA-489350
    JOHN DEERE,     4052R,2016,     TRACTOR,     1LV4052RJFH240521,1528287,"$47,500.00 ",12/29/15,   BROWNSVILLE,        MA-489353
    JOHN DEERE,     4052R,2016,     TRACTOR,     1LV4052RLFH240525,1528287,"$47,500.00 ",12/28/15,  TAFT,        MA-489352
    JOHN DEERE,     4052R,2016,     TRACTOR,     1LV4052RLFH240539,1528287,"$47,500.00 ",  12/24/2015,   EDENWALD,        MA-489357
JOHN DEERE,4044R,2015,TRACTOR,1LV4044RCEH140264,1501619,"$47,464.36 ",3/25/15,TILDEN,EQ-022873
JOHN DEERE ,4052R,2016,TRACTOR,1LV4052RAGG400439,1626694,"$45,791.00 ",12/19/16,TOMPKINS,MA-489660
JOHN DEERE ,4052R,2016,TRACTOR,1LV4052RAGG400473,1626694,"$45,791.00 ",12/30/16,ST. NICHOLAS,MA-489714
JOHN DEERE ,4052R,2016,TRACTOR,1LV4052REGG400381,1626694,"$45,791.00 ",12/19/16,JOHNSON,MA-489668
JOHN DEERE ,4052R,2016,TRACTOR,1LV4052REGG400395,1626694,"$45,791.00 ",12/7/16,MORRIS,MA-489658
JOHN DEERE ,4052R,2016,TRACTOR,1LV4052REGG400414,1626694,"$45,791.00 ",12/8/16,MONROE,MA-489667
JOHN DEERE ,4052R,2016,TRACTOR,1LV4052REGG400431,1626694,"$45,791.00 ",12/20/16,SMITH,MA-489669
JOHN DEERE ,4052R,2016,TRACTOR,1LV4052RHGG400430,1626694,"$45,791.00 ",12/7/16,MORRISANIA AIR RIGHTS,MA-489657
JOHN DEERE ,4052R,2016,TRACTOR,1LV4052RHGG400444,1626694,"$45,791.00 ",12/22/16,POMONOCK,MA-489684
JOHN DEERE ,4052R,2016,TRACTOR,1LV4052RJGG400386,1626694,"$45,791.00 ",12/19/16,WAGNER,MA-489665
JOHN DEERE ,4052R,2016,TRACTOR,1LV4052RKGG400452,1626694,"$45,791.00 ",12/21/16,VLADECK,MA-489686
JOHN DEERE ,4052R,2016,TRACTOR,1LV4052RLGG400393,1626694,"$45,791.00 ",12/7/16,PATTERSON,MA-489659
JOHN DEERE ,4052R,2016,TRACTOR,1LV4052RLGG400443,1626694,"$45,791.00 ",12/19/16,GLENWOOD,MA-489661
JOHN DEERE ,4052R,2016,TRACTOR,1LV4052RPGG400417,1626694,"$45,791.00 ",12/21/16,BORIQUEN PLAZA,MA-489670
JOHN DEERE ,4052R,2016,TRACTOR,1LV4052RPGG400448,1626694,"$45,791.00 ",12/30/16,POLO GROUNDS,MA-489716
JOHN DEERE ,4052R,2016,TRACTOR,1LV4052RPGG400465,1626694,"$45,791.00 ",12/30/16,CYPRESS HILLS,MA-489715
JOHN DEERE ,4052R,2016,TRACTOR,1LV4052RTGG400433,1626694,"$45,791.00 ",12/8/16,EASTCHESTER,MA-489666
JOHN DEERE ,4052R,2016,TRACTOR,1LV4052RTGG400450,1626694,"$45,791.00 ",12/21/16,PENN WORTMAN,MA-489685
JOHN DEERE ,4052R,2016,TRACTOR,1LV4052RVGG400410,1626694,"$45,791.00 ",12/19/16,INGERSOLL,MA-489664
JOHN DEERE ,4052R,2016,TRACTOR,1LV4052RVGG400438,1626694,"$45,791.00 ",12/19/16,FARRAGUT,MA-489663
JOHN DEERE ,4052R,2016,TRACTOR,1LV4052RVGG400441,1626694,"$45,791.00 ",12/20/16,SOUNDVIEW,MA-489662
JOHN DEERE,4120,2014,TRACTOR,1LV4120HADH916389,1406106,"$44,950.24 ",5/23/14,LINDEN,EQ-022358
JOHN DEERE,4120,2013,Tractor,1LV4120HCDH916091,1305050,"$43,776.36 ",4/16/13,BEACH 41ST STREET,AU-020605
JOHN DEERE,4120,2013,Tractor,1LV4120HCDH916110,1305050,"$43,776.36 ",4/16/13,LINCOLN,AU-020618
JOHN DEERE,4120,2013,Tractor,1LV4120HCDH916138,130505,"$43,776.36 ",5/3/13,O'DWYER,AU-020642
JOHN DEERE,4120,2013,Tractor,1LV4120HEDH916218,1305050,"$43,776.36 ",5/10/13,O'DWYER,AU-020654
JOHN DEERE,4120,2013,Tractor,1LV4120HEDH916221,130505,"$43,776.36 ",5/7/13,JEFFERSON,AU-020644
JOHN DEERE,4120,2013,Tractor,1LV4120HHDH916184,1305050,"$43,776.36 ",4/16/13,RIIS,AU-020606
JOHN DEERE,4120,2013,Tractor,1LV4120HHDH916220,1305050,"$43,776.36 ",4/16/13,CAREY GARDENS,AU-020620
JOHN DEERE,4120,2013,Tractor,1LV4120HJDH916128,1305050,"$43,776.36 ",4/17/13,RED HOOK WEST,AU-020621
JOHN DEERE,4120,2013,Tractor,1LV4120HKDH916239,130505,"$43,776.36 ",5/3/13,CONEY ISLAND,AU-020643
JOHN DEERE,4120,2013,Tractor,1LV4120HLDH916099,1305050,"$43,776.36 ",4/16/13,CONEY ISLAND,AU-020619
JOHN DEERE,4120,2013,Tractor,1LV4120HLDH916110,1305050,"$43,776.36 ",5/3/13,OCEAN BAY,AU-020641
JOHN DEERE,4120,2013,Tractor,1LV4120HLDH916121,1305050,"$43,776.36 ",4/19/13,HAMMEL,AU-020628
JOHN DEERE,4120,2013,Tractor,1LV4120HLDH916149,1305050,"$43,776.36 ",5/8/13,BUSHWICK,AU-020653
JOHN DEERE,4120,2013,Tractor,1LV4120HPDH916126,1305050,"$43,776.36 ",4/23/13,WEST BRIGHTON,AU-020622
JOHN DEERE,4120,2013,Tractor,1LV4120HVDH916178,1305050,"$43,776.36 ",5/20/13,AMSTERDAM,AU-020667
JDEERE,Gator 4x4,2013,Tractor,1M06X4DDADM080173,1305050,"$21,193.46 ",5/28/13,BEACH 41ST STREET,EQ-022418
JDEERE,Gator 4x4,2013,Tractor,1M06X4DDHDM080175,1305050,"$21,193.46 ",5/28/13,CONEY ISLAND,EQ-022419
JDEERE,Gator 4x4,2013,Tractor,1M06X4DDJDM080170,1305050,"$21,193.46 ",5/28/13,LINCOLN,EQ-022420
JDEERE,Gator 4x4,2013,Tractor,1M06X4DDLDM080191,1305050,"$21,193.46 ",5/28/13,RED HOOK WEST,EQ-022421
JDEERE,Gator 4x4,2013,Tractor,1M06X4DDVDM080172,1305050,"$21,193.46 ",5/28/13,REDFERN,EQ-022422
JOHN DEERE,8B93:B20855 GATOR,2014,TRACTOR,1M0855DEAEM082603,1418843,"$13,999.00 ",8/21/14,SOUNDVIEW,EQ-022579
JOHN DEERE,855 D GATOR,2015,TRACTOR,1M0855DEAFM100017,1432391,"$22,968.33 ",12/17/14,STAPLETON,EQ-022790
JOHN DEERE,855 D GATOR,2015,TRACTOR,1M0855DEAFM100020,1432391,"$22,968.33 ",12/19/14,Loaner,EQ-022785
JOHN DEERE,855 D GATOR,2015,TRACTOR,1M0855DEAFM100034,1432391,"$22,968.33 ",12/12/14,GLENWOOD,EQ-022787
JOHN DEERE,855 GATOR,2014,TRACTOR,1M0855DEAFM101071,1501612,"$22,968.00 ",3/19/15,JEFFERSON,EQ-022866
JOHN DEERE,855 GATOR,2014,TRACTOR,1M0855DECEM082582,1418843,"$13,999.00 ",7/18/14,KINGSBOROUGH,EQ-022530
JOHN DEERE,855 D GATOR,2015,TRACTOR,1M0855DECFM100001,1432391,"$22,968.33 ",12/15/14,SEDGWICK,EQ-022782
JOHN DEERE,855 D GATOR,2015,TRACTOR,1M0855DECFM100015,1432391,"$22,968.33 ",12/11/14,GOWANUS,EQ-022789
JOHN DEERE,855 D GATOR,2015,TRACTOR,1M0855DECFM100032,1432391,"$22,968.33 ",12/17/14,LAGUARDIA,EQ-022792
JOHN DEERE,855 D GATOR,2015,TRACTOR,1M0855DECFM100099,1432391,"$22,968.33 ",12/17/14,HOWARD,EQ-022796
JOHN DEERE,855 GATOR,2014,TRACTOR,1M0855DECFM100824,1501612,"$22,968.00 ",3/19/15,TILDEN,EQ-022864
JOHN DEERE,855 GATOR,2014,TRACTOR,1M0855DEEEM082525,1418843,"$13,999.00 ",7/18/14,BRONX RIVER,EQ-022543
JOHN DEERE,855 GATOR,2014,TRACTOR,1M0855DEHEM082524,1418843,"$13,999.00 ",7/18/14,O'DWYER,EQ-022536
JOHN DEERE,855 D GATOR,2015,TRACTOR,1M0855DEHFM100019,1432391,"$22,968.33 ",12/15/14,PELHAM PKWY,EQ-022779
JOHN DEERE,855 D GATOR,2015,TRACTOR,1M0855DEHFM100036,1432391,"$22,968.33 ",12/31/14,GRANT,EQ-022788
JOHN DEERE,855 D GATOR,2015,TRACTOR,1M0855DEHFM100098,1432391,"$22,968.33 ",1/6/15,DYCKMAN,EQ-022797
JOHN DEERE,855 D GATOR,2015,TRACTOR,1M0855DEJFM100028,1432391,"$22,968.33 ",12/17/14,MARINERS HARBOR,EQ-022795
JOHN DEERE,855 D GATOR,2015,TRACTOR,1M0855DEJFM100031,1432391,"$22,968.33 ",12/11/14,WALD,EQ-022791
JOHN DEERE,855 D GATOR,2015,TRACTOR,1M0855DEKFM100013,1432391,"$22,968.33 ",12/12/14,LOANER,EQ-022798
JOHN DEERE,855 D GATOR,2015,TRACTOR,1M0855DEKFM100027,1432391,"$22,968.33 ",1/5/15,SOUTH BEACH,EQ-022793
JOHN DEERE,855 D GATOR,2015,TRACTOR,1M0855DEKFM100030,1432391,"$22,968.33 ",12/19/14,MARBLE HILL,EQ-022794
JOHN DEERE,855 GATOR,2014,TRACTOR,1M0855DEKFM101520,1501612,"$22,968.00 ",3/19/15,TILDEN,EQ-022865
JOHN DEERE,855 D GATOR,2015,TRACTOR,1M0855DELFM100018,1432391,"$22,968.33 ",12/10/14,MILLBROOK,EQ-022786
JOHN DEERE,855 D GATOR,2015,TRACTOR,1M0855DELFM100035,1432391,"$22,968.33 ",1/6/15,RIIS,EQ-022780
JOHN DEERE,855 GATOR,2014,TRACTOR,1M0855DEPEM082528,1418843,"$13,999.00 ",8/22/14,BUTLER,EQ-022583
JOHN DEERE,855 GATOR,2014,TRACTOR,1M0855DEPEM082593,1418843,"$13,999.00 ",8/21/14,COOPER PARK,EQ-0225378
JOHN DEERE,855 D GATOR,2015,TRACTOR,1M0855DEPFM100012,1432391,"$22,968.33 ",12/24/14,HAMMEL,EQ-022783
JOHN DEERE,855 GATOR,2014,TRACTOR,1M0855DEPFM101516,1501612,"$22,968.00 ",3/19/15,PATTERSON,EQ-022868
JOHN DEERE,855 GATOR,2014,TRACTOR,1M0855DETEM082527,1418843,"$13,999.00 ",8/22/14,MURPHY,EQ-022582
JOHN DEERE,855 GATOR,2014,TRACTOR,1M0855DETEM082589,1418843,"$13,999.00 ",8/21/14,EAST RIVER,EQ-022575
JOHN DEERE,855 GATOR,2014,TRACTOR,1M0855DETFM101515,1501612,"$22,968.00 ",3/19/15,MITCHEL,EQ-022867
JOHN DEERE,855 GATOR,2014,TRACTOR,1M0855DEVEM082518,1418843,"$13,999.00 ",7/18/14,CAREY GARDENS,EQ-022537
JOHN DEERE,855 D GATOR,2015,TRACTOR,1M0855DEVFM100016,1432391,"$22,968.33 ",12/23/14,MORRISANIA,EQ-022784
JOHN DEERE,855 D GATOR,2015,TRACTOR,1M0855DEVFM100033,1432391,"$22,968.33 ",12/10/14,RAVENSWOOD,EQ-022781
JDEERE,X710,2013,Tractor,1M0X710AADM010140,1305050,"$16,450.99 ",4/8/13,ASTORIA,AU-020600
JOHN DEERE,X710,2015,TRACTOR,1M0X710AAFM031153,1526415,"$19,871.69 ",10/28/15,LINDEN,EQ-022956
JOHN DEERE,X710,2015,TRACTOR,1M0X710AAFM031170,1526415,"$19,871.69 ",10/28/15,CASSIDY/LAFAYETTE,EQ-022971
JOHN DEERE,X710,2015,TRACTOR,1M0X710AAFM031184,1526415,"$19,871.69 ",11/6/15,CYPRESS HILLS,EQ-022974
JDEERE,X710,2013,Tractor,1M0X710ACDM010113,1305050,"$16,450.99 ",4/9/13,GRAVESEND,AU-020603
JDEERE,X710,2013,Tractor,1M0X710ACDM010118,1305050,"$16,450.99 ",4/9/13,CONEY ISLAND,AU-020604
JDEERE,X710,2013,Tractor,1M0X710ACDM010197,1305050,"$16,450.99 ",4/19/13,LINCOLN,AU-020627
JOHN DEERE,X710,2014,TRACTOR,1M0X710ACEM020108,1409370,"$18,258.44 ",5/12/14,SUMNER,EQ-022330
JOHN DEERE,X710,2014,TRACTOR,1M0X710ACEM020111,1409370,"$18,258.44 ",5/12/14,QUEENSBRIDGE NO.,EQ-022326
JOHN DEERE,X710,2015,TRACTOR,1M0X710ACFM030106,1526415,"$19,871.69 ",10/28/15,POLO GROUNDS,EQ-022960
JOHN DEERE,X710,2015,TRACTOR,1M0X710ACFM031148,1526415,"$19,871.69 ",10/28/15,LOANER,EQ-022967
JOHN DEERE,X710,2015,TRACTOR,1M0X710ACFM031157,1526415,"$19,871.69 ",10/28/15,UNION AVE CONSOLIDATED,EQ-022973
JOHN DEERE,X710,2015,TRACTOR,1M0X710ACFM031160,1526415,"$19,871.69 ",10/28/15,MARCY,EQ-022954
JOHN DEERE,X710,2015,TRACTOR,1M0X710ACFM031174,1526415,"$19,871.69 ",11/6/15,MELROSE,MA-489309
JOHN DEERE,X710,2015,TRACTOR,1M0X710ACFM031179,1526415,"$19,871.69 ",11/6/15,GOMPERS,MA-489304
JOHN DEERE,X710,2015,TRACTOR,1M0X710ACFM031182,1526415,"$19,871.69 ",11/24/15,FRED SAMUELS,MA-489314
JOHN DEERE,X710,2015,TRACTOR,1M0X710ACFM031191,1526415,"$19,871.69 ",11/24/15,TODT HILL,MA-489316
JOHN DEERE,X710,2015,TRACTOR,1M0X710ACFM031215,1526415,"$19,871.69 ",10/28/15,BAYVIEW,EQ-022969
JOHN DEERE,X710,2015,TRACTOR,1M0X710AEFM031156,1526415,"$19,871.69 ",10/28/15,CLINTON,EQ-022965
JOHN DEERE,X710,2015,TRACTOR,1M0X710AEFM031187,1526415,"$19,871.69 ",11/24/15,ST. MARY'S,MA-489315
JOHN DEERE,X710,2015,TRACTOR,1M0X710AEFM031190,1526415,"$19,871.69 ",11/27/15,JOHNSON,MA-489319
JOHN DEERE,X710,2014,TRACTOR,1M0X710AHEM020123,1409370,"$18,258.44 ",5/5/14,RAVENSWOOD,EQ-022322
JOHN DEERE,X710,2015,TRACTOR,1M0X710AHFM031155,1526415,"$19,871.69 ",10/28/15,VAN DYKE,EQ-022958
JOHN DEERE,X710,2015,TRACTOR,1M0X710AHFM031172,1526415,"$19,871.69 ",11/6/15,RIIS,MA-489312
JOHN DEERE,X710,2015,TRACTOR,1M0X710AHFM031186,1526415,"$19,871.69 ",11/6/15,MARBLE HILL,MA-489308
JOHN DEERE,X710,2015,TRACTOR,1M0X710AHFM031219,1526415,"$19,871.69 ",11/24/15,SUMNER,MA-489313
JDEERE,X710,2013,Tractor,1M0X710AJDM010201,1305050,"$16,450.99 ",4/19/13,GOMPERS,AU-020624
JDEERE,X710,2013,Tractor,1M0X710AJDM010204,1305050,"$16,450.99 ",4/19/13,LINCOLN,AU-020625
JOHN DEERE,X710,2015,TRACTOR,1M0X710AJFM031178,1526415,"$19,871.69 ",11/6/15,WILLIAMSBURG,MA-489305
JOHN DEERE,X710,2015,TRACTOR,1M0X710AJFM031181,1526415,"$19,871.69 ",11/27/15,WEBSTER,MA-489317
JDEERE,X710,2013,Tractor,1M0X710AKDM010200,1305050,"$16,450.99 ",4/19/13,BEACH 41ST STREET,AU-020626
JOHN DEERE,X710,2014,TRACTOR,1M0X710AKEM020114,1409370,"$18,258.44 ",5/12/14,BAISLEY PARK,EQ-022331
JOHN DEERE,X710,2014,TRACTOR,1M0X710AKEM020131,1409370,"$18,258.44 ",5/12/14,SOUTH JAMAICA,EQ-022327
JOHN DEERE,X710,2015,TRACTOR,1M0X710AKFM031163,1526415,"$19,871.69 ",10/28/15,PENN WORTMAN,EQ-022957
JOHN DEERE,X710,2015,TRACTOR,1M0X710AKFM031177,1526415,"$19,871.69 ",11/6/15,MONROE,MA-489310
JOHN DEERE,X710,2015,TRACTOR,1M0X710AKFM031180,1526415,"$19,871.69 ",11/6/15,MARCUS GARVEY,MA-489303
JOHN DEERE,X710,2014,TRACTOR,1M0X710ALEM020105,1409370,"$18,258.44 ",5/12/14,loaner,EQ-022329
JOHN DEERE,X710,2014,TRACTOR,1M0X710ALEM020122,1409370,"$18,258.44 ",5/5/14,SURFSIDE,EQ-022323
JOHN DEERE,X710,2015,TRACTOR,1M0X710ALFM031154,1526415,"$19,871.69 ",10/28/15,LAFAYETTE,EQ-022955
JOHN DEERE,X710,2015,TRACTOR,1M0X710ALFM031158,1526415,"$19,871.69 ",11/6/15,LEHMAN VILLAGE,MA-489307
JOHN DEERE,X710,2015,TRACTOR,1M0X710ALFM031168,1526415,"$19,871.69 ",10/28/15,ASTORIA,EQ-022966
JOHN DEERE,X710,2015,TRACTOR,1M0X710ALFM031171,1526415,"$19,871.69 ",10/28/15,BARUCH,EQ-022970
JOHN DEERE,X710,2014,TRACTOR,1M0X710APEM020113,1409370,"$18,258.44 ",5/12/14,GOWANUS,EQ-022332
JOHN DEERE,X710,2015,TRACTOR,1M0X710APFM031159,1526415,"$19,871.69 ",10/28/15,BERRY,EQ-022963
JOHN DEERE,X710,2015,TRACTOR,1M0X710APFM031162,1526415,"$19,871.69 ",10/28/15,OCEAN BAY,EQ-022962
JOHN DEERE,X710,2015,TRACTOR,1M0X710APFM031176,1526415,"$19,871.69 ",11/6/15,MOTT HAVEN,MA-489311
JDEERE,X710,2013,Tractor,1M0X710ATDM010114,1305050,"$16,450.99 ",4/8/13,RED HOOK WEST,AU-020601
JOHN DEERE,X710,2014,TRACTOR,1M0X710ATEM020112,1409370,"$18,258.44 ",5/12/14,SEDGWICK,EQ-022328
JOHN DEERE,X710,2015,TRACTOR,1M0X710ATFM031158,1526415,"$19,871.69 ",10/28/15,ROOSEVELT,EQ-022959
JOHN DEERE,X710,2015,TRACTOR,1M0X710ATFM031161,1526415,"$19,871.69 ",10/28/15,MILLBROOK,EQ-022968
JOHN DEERE,X710,2015,TRACTOR,1M0X710ATFM031175,1526415,"$19,871.69 ",11/27/15,TAFT,MA-489318
JOHN DEERE,X710,2015,TRACTOR,1M0X710ATFM031208,1526415,"$19,871.69 ",10/28/15,LAGUARDIA,EQ-022964
JDEERE,X710,2013,Tractor,1M0X710AVDM010170,1305050,"$16,450.99 ",4/8/13,RED HOOK EAST,AU-020602
JDEERE,X710,2013,Tractor,1M0X710AVDM010198,1305050,"$16,450.99 ",4/19/13,BEACH 41ST STREET,AU-020623
JOHN DEERE,X710,2015,TRACTOR,1M0X710AVFM031149,1526415,"$19,871.69 ",10/28/15,LES 2,EQ-022961
JOHN DEERE,X710,2015,TRACTOR,1M0X710AVFM031152,1526415,"$19,871.69 ",10/28/15,BORINQUEN PLAZA,EQ-0229732
JOHN DEERE,X710,2015,TRACTOR,1M0X710AVFM031166,1526415,"$19,871.69 ",11/6/15,BLAND,EQ-022998
JOHN DEERE,X710,2015,TRACTOR,1M0X710AVFM031188,1526415,"$19,871.69 ",11/6/15,ADAMS,EQ-022999
JOHN DEERE,X710,2015,TRACTOR,1M0X710AVFM031216,1526415,"$19,871.69 ",11/6/15,STUYVESANT,MA-489306
JOHN DEERE,X730,2018,TRACTOR,1M0X730AAJM061855,1826837,"$20,687.62 ",11/30/18,SOUTH BEACH ,MS-129359
JOHN DEERE,X730,2019,TRACTOR,1M0X730AAJM062570,1902063,"$20,960.46 ",3/25/19,TAYLOR WYTHE,MS-129412
JOHN DEERE,X730,2018,TRACTOR,1M0X730ACJM061067,1826837,"$20,687.62 ",11/30/18,CAREY GARDENS,MS-129358
JOHN DEERE,X730,2018,TRACTOR,1M0X730ACJM061853,1826837,"$20,687.62 ",11/30/18,SACKWERN,MS-129360
JOHN DEERE,X730,2018,TRACTOR,1M0X730ACJM061862,1826837,"$20,687.62 ",11/30/18,BREVOORT,MS-129357
JOHN DEERE,X730,2019,TRACTOR,1M0X730ACJM062056,1902063,"$20,960.46 ",3/28/19,TILDEN,MS-129420
JOHN DEERE,X730,2019,TRACTOR,1M0X730ACJM062243,1902063,"$20,960.46 ",3/28/19,SEDGWICK,MS-129423
JOHN DEERE,X730,2018,TRACTOR,1M0X730AEJM061858,1826837,"$20,687.62 ",11/26/18,ROOSEVELT,MS-129351
JOHN DEERE,X730,2018,TRACTOR,1M0X730AHJM061857,1826837,"$20,687.62 ",11/26/18,SOTOMAYOR,MS-129352
JOHN DEERE,X730,2018,TRACTOR,1M0X730AHJM061860,1826837,"$20,687.62 ",11/27/18,HIGHBRIDGE,MS-129353
JOHN DEERE,X730,2019,TRACTOR,1M0X730AHJM062054,1902063,"$20,960.46 ",3/28/19,JEFFERSON,MS-129422
JOHN DEERE,X730,2019,TRACTOR,1M0X730AHJM062068,1902063,"$20,960.46 ",3/26/19,LAQUARDIA,MS-129417
JOHN DEERE,X730,2018,TRACTOR,1M0X730AKJM061851,1826837,"$20,687.62 ",11/29/18,SOUNDVIEW,MS-129355
JOHN DEERE,X730,2019,TRACTOR,1M0X730AKJM062238,1902063,"$20,960.46 ",3/26/19,SOUTH JAMAICA,MS-129415
JOHN DEERE,X730,2019,TRACTOR,1M0X730AKJM062241,1902063,"$20,960.46 ",3/25/19,PARKSIDE,MS-129413
JOHN DEERE,X730,2019,TRACTOR,1M0X730ALJM062067,1902063,"$20,960.46 ",3/25/19,ST. MARY'S,MS-129414
JOHN DEERE,X730,2019,TRACTOR,1M0X730APJM062240,1902063,"$20,960.46 ",3/26/19,CARVER,MS-129416
JOHN DEERE,X730,2018,TRACTOR,1M0X730ATJM061068,1826837,"$20,687.62 ",11/29/18,BROWNSVILLE,MS-129356
JOHN DEERE,X730,2019,TRACTOR,1M0X730ATJM062236,1902063,"$20,960.46 ",3/28/19,PINK,MS-129421
JOHN DEERE,X730,2019,TRACTOR,1M0X730ATJM062561,1902063,"$20,960.46 ",3/26/19,FORT WASHINGTON,MS-129418
JOHN DEERE,X730,2018,TRACTOR,1M0X730AVJM061854,1826837,"$20,687.62 ",11/27/18,EASTCHESTER,MS-129354
JOHN DEERE,X730,2019,TRACTOR,1M0X730AVJM062244,1902063,"$20,960.46 ",3/28/19,VLADECK,MS-129419
JOHN DEERE,855 GATOR,2014,TRACTOR,1MO855DEPEM082531,1418843,"$13,999.00 ",7/18/14,QUEENSBRIDGE SO.,EQ-022533
JOHN DEERE,X710,2015,TRACTOR,1MOX710AAEM030048,1501600,"$18,259.00 ",3/25/15,HOWARD,EQ-022872
JOHN DEERE,X710,2015,TRACTOR,1MOX710AAEM030079,1501600,"$18,259.00 ",3/25/15,TILDEN,EQ-022869
JDEERE,X710,2013,Tractor,1MOX710ACDM010127,1305050,"$16,450.99 ",5/13/13,BUSHWICK,AU-020655
JOHN DEERE,X710,2014,TRACTOR,1MOX710ACEM020309,1418854,"$18,258.44 ",8/22/14,INGERSOLL,EQ-022581
JOHN DEERE,X710,2014,TRACTOR,1MOX710ACEM020335,1418854,"$18,258.44 ",8/22/14,HIGHBRIDGE,EQ-022572
JOHN DEERE,X710,2015,TRACTOR,1MOX710ACEM030041,1501600,"$18,259.00 ",3/25/15,EAST RIVER,EQ-022870
JOHN DEERE,X710,2015,TRACTOR,1MOX710ACEM030080,1501600,"$18,259.00 ",3/25/15,UNITY,EQ-022871
JOHN DEERE,X710,2014,TRACTOR,1MOX710AEEM020219,1418854,"$18,258.44 ",8/22/14,MAR,EQ-022567
JOHN DEERE,X710,2014,TRACTOR,1MOX710AEEM020334,1418854,"$18,258.44 ",8/22/14,MURPHY CONSOL.,EQ-022569
JOHN DEERE,X710,2014,TRACTOR,1MOX710AEEM020351,1418854,"$18,258.44 ",8/22/14,BLAND,EQ-022566
JOHN DEERE,X710,2014,TRACTOR,1MOX710AHEM020350,1418854,"$18,258.44 ",8/22/14,STRAUS,EQ-022576
JDEERE,X710,2013,Tractor,1MOX710AJDM010182,1305050,"$16,450.99 ",5/7/13,BUSHWICK,AU-020645
JOHN DEERE,X710,2014,TRACTOR,1MOX710AJEM020339,1418854,"$18,258.44 ",8/22/14,ROOSEVELT,EQ-022568
JDEERE,X710,2013,Tractor,1MOX710AKDM010195,1305050,"$16,450.99 ",5/8/13,CAMPOS,AU-020646
JOHN DEERE,X710,2014,TRACTOR,1MOX710AKEM020310,1418854,"$18,258.44 ",8/22/14,J. ROBINSON,EQ-022571
JDEERE,X710,2013,Tractor,1MOX710ALDM010124,1305050,"$16,450.99 ",5/8/13,REDFERN,AU-020647
JOHN DEERE,X710,2014,TRACTOR,1MOX710ALEM020329,1418854,"$18,258.44 ",8/25/14,EAST RIVER,EQ-022573
JDEERE,X710,2013,Tractor,1MOX710APDM010194,1305050,"$16,450.99 ",5/8/13,BOULEVARD,AU-020648
JOHN DEERE,X710,2014,TRACTOR,1MOX710APEM020340,1418854,"$18,258.44 ",8/22/14,CAREY GARDENS,EQ-022577
JOHN DEERE,X710,2014,TRACTOR,1MOX710APEM020354,1418854,"$18,258.44 ",8/22/14,ALBANY,EQ-022570
JOHN DEERE,X710,2014,TRACTOR,1MOX710ATEM020367,1418854,"$18,258.44 ",8/22/14,UNION AVE. CON.,EQ-022574
JOHN DEERE,X710,2014,TRACTOR,1MOX710AVEM020330,1418854,"$18,258.44 ",8/22/14,PENN/VANDALIA,EQ-022580
JDEERE,318D,2013,Skidsteer,1T0218DAEDG244314,1305050,"$32,731.29 ",4/25/13,RED HOOK EAST,EQ022409
JDEERE,318D,2013,Skidsteer,1T0318DAADG244325,1305050,"$32,731.29 ",4/25/13,RED HOOK WEST,EQ022408
JDEERE,318D,2013,Skidsteer,1T0318DACDG244122,1305050,"$32,731.29 ",4/23/13,CONEY ISLAND,EQ022401
JDEERE,318D,2013,Skidsteer,1T0318DACDG244323,1305050,"$32,731.29 ",4/25/13,CAREY GARDENS,EQ022410
JDEERE,318D,2013,Skidsteer,1T0318DAHDG244117,1305050,"$32,731.29 ",4/23/13,RIIS,EQ022400
JDEERE,318D,2013,Skidsteer,1T0318DAHDG244120,1305050,"$32,731.29 ",4/25/13,PELHAM PKWY,EQ022404
JDEERE,318D,2013,Skidsteer,1T0318DAKDG244111,1305050,"$32,731.29 ",4/25/13,CAMPOS,EQ022406
JDEERE,318D,2013,Skidsteer,1T0318DAKDG244321,1305050,"$32,731.29 ",4/25/13,BEACH 41ST STREET,EQ022407
JDEERE,318D,2013,Skidsteer,1T0318DALDG244116,1305050,"$32,731.29 ",4/25/13,LINCOLN,EQ022403
JDEERE,318D,2013,Skidsteer,1T0318DAPDG244124,1305050,"$32,731.29 ",4/25/13,REDFERN,EQ022402
JDEERE,318D,2013,Skidsteer,1T0318DAPDG244317,1305050,"$32,731.29 ",4/25/13,DYCKMAN,EQ022405
JDEERE,318D,2014,SKIDSTEER,1T0318EACEJ258606,1403369,"$36,999.00 ",3/12/14, ,EQ-022435
JOHN DEERE,318E,2015,SKIDSTEER,1T0318EAFJ278141,1501579,"$36,008.00 ",3/9/15,WILSON/WHIYE,EQ-022855
JOHN DEERE,318E,2014,SKIDSTEER,1T0318EAJEJ258692,1418864,"$36,999.00 ",7/7/14,HAMMEL,EQ-022505
JDEERE,318D,2014,SKIDSTEER,1T0318EAJEJ259244,1403369,"$36,999.00 ",3/12/14,HARLEM RIVER ,EQ-022437
JOHN DEERE,318E,2015,SKIDSTEER,1T0318EAJFJ278152,1501579,"$39,282.00 ",3/10/15,UNITY PLAZA,EQ-022852
JDEERE,318D,2014,SKIDSTEER,1T0318EAKEJ258545,1403369,"$36,999.00 ",3/3/14,GOMPERS,EQ-022433
JOHN DEERE,318E,2015,SKIDSTEER,1T0318EAKFJ278053,1501579,"$36,008.00 ",3/9/15,MITCHEL,EQ-022856
JOHN DEERE,318E,2015,SKIDSTEER,1T0318EAKFJ278134,1501579,"$36,008.00 ",3/6/15,PATTERSON,EQ-022858
JDEERE,318D,2014,SKIDSTEER,1T0318EALEJ258536,1403369,"$36,999.00 ",3/17/14,RANGEL,EQ-022436
JDEERE,318D,2014,SKIDSTEER,1T0318EALEJ259167,1403369,"$36,999.00 ",3/12/14,RUTGERS,EQ-022438
JOHN DEERE,318E,2015,SKIDSTEER,1T0318EALEJ259363,1516442,"$37,305.62 ",,OCEAN HILL / SARATOGA,EQ-022440
JDEERE,318D,2014,SKIDSTEER,1T0318EAPE259158,1403369,"$36,999.00 ",3/12/14,JACKIE ROBINSON,EQ-022441
JOHN DEERE,318E,2014,SKIDSTEER,1T0318EAPEJ265591,1418864,"$36,999.00 ",7/7/14,MARBLE HILL,EQ-022504
JOHN DEERE,318E,2015,SKIDSTEER,1T0318EAPFJ278147,1501579,"$36,008.00 ",3/9/15,TILDEN,EQ-022857
JDEERE,318D,2014,SKIDSTEER,1T0318EATEJ258624,1403369,"$36,999.00 ",3/3/14,BREUKELEN,EQ-022434
JOHN DEERE,318E,2015,SKIDSTEER,1T0318EATFJ278129,1501579,"$39,282.00 ",3/6/15,JEFFERSON,EQ-022853
JDEERE,318D,2014,SKIDSTEER,1T0318EAVEJ259263,1403369,"$36,999.00 ",3/17/14,BORIQUEN PLAZA,EQ-022439
JOHN DEERE,318E,2015,SKIDSTEER,1T0318EAVFJ278025,1501579,"$36,008.00 ",3/9/15,WOODSON,EQ-022854
JOHN DEERE,318G ,2018,SKIDSTEER,1T0318GACJJ334288,1808764,"$44,793.36 ",9/12/18,CAREY GARDENS ,MS- 129336
JOHN DEERE,318G ,2018,SKIDSTEER,1T0318GACJJ334999,1808764,"$44,793.36 ",9/12/18,ATLANTIC TERMINAL,MS-129333
JOHN DEERE,318G ,2018,SKIDSTEER,1T0318GAEJJ334296,1808764,"$44,793.36 ",9/12/18,SHEEPSHEAD / NOSTRAND,MS-129334
JOHN DEERE ,318G,2017,SKIDSTEER ,1T0318GAHHJ319628,1719328,"$44,840.60 ",12/27/17,MARINERS HARBOR ,MA-489791
JOHN DEERE ,318G,2017,SKIDSTEER ,1T0318GAJHJ319461,1719328,"$44,840.60 ",12/4/17,BAYVIEW,MA-489786
JOHN DEERE,318G ,2018,SKIDSTEER,1T0318GAKJJ334188,1808764,"$44,793.36 ",9/12/18,FOREST / MCKINLEY,MS-129335
JOHN DEERE ,318G,2017,SKIDSTEER ,1T0318GALHJ319577,1719328,"$44,840.60 ",12/20/17,TOMPKINS,MA-487789
JOHN DEERE,318G ,2018,SKIDSTEER,1T0318GALJJ334280,1808764,"$44,793.36 ",9/12/18,SOUTH JAMAICA,MS- 129332
JOHN DEERE ,318G,2017,SKIDSTEER ,1T0318GAPHJ319473,1719328,"$44,840.60 ",12/4/17,MILLBROOK,MA-489787
JOHN DEERE ,318G,2017,SKIDSTEER ,1T0318GAVHJ319673,1719328,"$44,840.60 ",12/22/17,LANGSTON HUGHES,MA-489790
JOHN DEERE,318G ,2018,SKIDSTEER,1T0318GAVJJ334308,1808764,"$44,793.36 ",9/12/18,BAYCHESTER,MS-129331
JOHN DEERE,Z920M,2015,MOWER,1TC920MEVET020154,1521175,"$10,999.00 ",8/3/15,MOTT HAVEN,EQ-022936
JDEERE,Z920R,2013,Mower,1TC920RVADT010202,1305050,"$9,998.00 ",4/2/13,GRAVESEND,EQ022411
JOHN DEERE,Z920R,2014,MOWER,1TC920RVADT010409,1418857,"$10,139.79 ",6/12/14,REDFERN,EQ-022369
JOHN DEERE,Z920R,2014,MOWER,1TC920RVADT010412,1418857,"$10,139.79 ",6/12/14,FLEET LOANER (T. Neck Depot),EQ-022373
JOHN DEERE,Z920R,2014,MOWER,1TC920RVCDT010195,1409372,"$10,139.79 ",3/21/14,MONROE,EQ-022447
JOHN DEERE,Z920-A,2014,MOWER,1TC920RVCDT010195,1409372,"$10,139.79 ",3/21/14,TBD,EQ-022447
JOHN DEERE,Z920R,2014,MOWER,1TC920RVCDT010318,1409372,"$10,139.79 ",3/21/14,HIGHBRIDGE,EQ-022443
JOHN DEERE,Z920-A,2014,MOWER,1TC920RVCDT010318,1409372,"$10,139.79 ",3/21/14,TBD,EQ-022443
JOHN DEERE,Z920R,2014,MOWER,1TC920RVCDT010321,1409372,"$10,139.79 ",3/21/14,RIIS,EQ-022445
JOHN DEERE,Z920-A,2014,MOWER,1TC920RVCDT010321,1409372,"$10,139.79 ",3/21/14,TBD,EQ-022445
JOHN DEERE,Z920R,2015,MOWER,1TC920RVCDT010326,1501606,"$10,095.00 ",3/13/15,MILLBROOK,EQ-022862
JOHN DEERE,Z920R,2014,MOWER,1TC920RVCDT010410,1418857,"$10,139.79 ",6/12/14,BUTLER,EQ-022372
JOHN DEERE,Z920R,2015,MOWER,1TC920RVKDT010324,1501606,"$10,095.00 ",3/13/15,TILDEN,EQ-022863
JOHN DEERE,Z920R,2014,MOWER,1TC920RVKDT010422,1418857,"$10,139.79 ",6/12/14,EASTCHESTER,EQ-022368
JOHN DEERE,Z920R,2014,MOWER,1TC920RVPDT010421,1418857,"$10,139.79 ",6/12/14,QUEENSBRIDGE SO.,EQ-022367
JOHN DEERE,Z920R,2014,MOWER,1TC920RVTDT010207,1409372,"$10,139.79 ",3/21/14,GLENWOOD,EQ-022446
JOHN DEERE,Z920-A,2014,MOWER,1TC920RVTDT010207,1409372,"$10,139.79 ",3/21/14,TBD,EQ-022446
JOHN DEERE,Z920R,2014,MOWER,1TC920RVTDT010319,1409372,"$10,139.79 ",3/21/14,CASTLE HILL,EQ-022448
JOHN DEERE,Z920-A,2014,MOWER,1TC920RVTDT010319,1409372,"$10,139.79 ",3/21/14,TBD,EQ-022448
JOHN DEERE,Z920R,2014,MOWER,1TC920RVTDT010322,1409372,"$10,139.79 ",3/21/14,WOODSIDE,EQ-022444
JOHN DEERE,Z920-A,2014,MOWER,1TC920RVTDT010322,1409372,"$10,139.79 ",3/21/14,TBD,EQ-022444
JDEERE,Z920R,2013,Mower,1TC920RVVDT010196,1305050,"$9,998.00 ",4/2/13,O'DWYER,EQ022412
JOHN DEERE,Z920R,2014,MOWER,1TC920RVVDT010411,1418857,"$10,139.79 ",6/12/14,FLEET LOANER,EQ-022374
JOHN DEERE,Z930R,2016,MOWER,1TC930RFAFT040017,1622225,"$10,459.82 ",9/6/16,FOREST,MA-489590
JOHN DEERE,Z930R,2016,MOWER,1TC930RFCFT040015,1622225,"$10,459.82 ",9/7/16,MITCHEL,MA-489592
JOHN DEERE,Z930R,2016,MOWER,1TC930RFEFT040006,1622225,"$10,459.82 ",9/6/16,GOWANUS,MA-489586
JOHN DEERE,Z930R,2016,MOWER,1TC930RFEGT040766,1622225,"$10,459.82 ",9/6/16,MORRIS,MA-489588
JOHN DEERE,Z930R,2016,MOWER,1TC930RFHFT040005,1622225,"$10,459.82 ",9/6/16,LANGSTON HUGHES,MA-489587
JOHN DEERE,Z930R,2016,MOWER,1TC930RFHFT040022,1622225,"$10,459.82 ",9/7/16,BARUCH,MA-489591
JOHN DEERE,Z930R,2016,MOWER,1TC930RFLGT040764,1622225,"$10,459.82 ",9/6/16,BOSTON SECOR,MA-489585
JOHN DEERE,Z930R,2016,MOWER,1TC930RFTGT040768,1622225,"$10,459.82 ",9/7/16,BAISLEY,MA-489589
JOHN DEERE,Z930R,2016,MOWER,1TC930RVAFT030045,1606739,"$10,615.89 ",4/28/16,EDENWALD,MA-489531
JOHN DEERE,Z930R,2016,MOWER,1TC930RVAFT040719,1606739,"$10,615.89 ",4/27/16,SOUNDVIEW,MA-489520
JOHN DEERE,Z930R,2016,MOWER,1TC930RVAGT040723,1606739,"$10,615.89 ",5/2/16,CYPRESS,MA-489399
JOHN DEERE,Z930R,2016,MOWER,1TC930RVAGT040737,1606739,"$10,615.89 ",4/28/16,RANGEL,MA-489533
JOHN DEERE ,Z930R,2016,MOWER,1TC930RVAGT040754,1606739,"$10,615.89 ",4/25/16,MARINERS HARBOR,MA-489557
JOHN DEERE ,Z930R,2016,MOWER,1TC930RVAGT040768,1066739,"$10,615.89 ",4/26/16,DYCKMAN,MA-489549
JOHN DEERE,Z930R,2016,MOWER,1TC930RVCFT030004,1606739,"$10,615.89 ",4/28/16,GUN HILL,MA-489515
JOHN DEERE,Z930R,2016,MOWER,1TC930RVCFT040001,1606739,"$10,615.89 ",4/28/16,MOTT HAVEN,MA-489535
JOHN DEERE,Z930R,2016,MOWER,1TC930RVCFT040703,1606739,"$10,615.89 ",4/22/16,SOUTH JAMAICA,MA-489546
JOHN DEERE ,Z930R,2016,MOWER,1TC930RVCGT040758,1066739,"$10,615.89 ",4/25/16,PATTERSON,MA-489547
JOHN DEERE,Z930R,2016,MOWER,1TC930RVCGT040766,1606739,"$10,615.89 ",4/28/16,CASTLE HILL,MA-489527
JOHN DEERE,Z930R,2018,MOWER,1TC930RVCHT060025,1805580,"$12,913.85 ",4/12/18,BLAND,MS-129309
JOHN DEERE,Z930R,2018,MOWER,1TC930RVCHT060033,1812401,"$12,913.85 ",8/10/18,SOUTH JAMAICA,MS-129330
JOHN DEERE ,Z930R,2016,MOWER,1TC930RVEFT030048,1066739,"$10,615.89 ",4/26/16,POLO GROUNDS,MA-489548
JOHN DEERE,Z930R,2016,MOWER,1TC930RVEGT040743,1606739,"$10,615.89 ",5/4/16,DOUGLASS ,MA-489538
JOHN DEERE ,Z930R,2016,MOWER,1TC930RVEGT040757,1066739,"$10,615.89 ",4/26/16,GRANT HOUSES ,MA-489553
JOHN DEERE,Z930R,2016,MOWER,1TC930RVEGT040760,1066739,"$10,615.89 ",4/26/16,MANHATTANVILLE,MA-489552
JOHN DEERE,Z930R,2016,MOWER,1TC930RVEGTO40726,1606739,"$10,615.89 ",4/27/16,POMONOK,MA-489513
JOHN DEERE,Z930R,2018,MOWER,1TC930RVEJT060059,1805580,"$12,913.85 ",4/13/18,MARLBORO,MS-129311
JOHN DEERE,Z930R,2016,MOWER,1TC930RVH9T040739,1606739,"$10,615.89 ",5/2/16,BAYVIEW,MA-489536
JOHN DEERE,Z930R,2016,MOWER,1TC930RVHGT040742,1606739,"$10,615.89 ",4/27/16,DREW HAMILTON,MA-489517
JOHN DEERE,Z930R,2016,MOWER,1TC930RVHGT040756,1606739,"$10,615.89 ",4/28/16,MELROSE,MA-489530
JOHN DEERE,Z930R,2018,MOWER,1TC930RVHHT060023,1805580,"$12,913.85 ",4/12/18,ADAMS,MS-129303
JOHN DEERE,Z930R,2018,MOWER,1TC930RVHHT060037,1805580,"$12,913.85 ",4/12/18,CYPRESS HILLS,MS-129310
JOHN DEERE ,Z930R,2016,MOWER,1TC930RVJGT040751,1606739,"$10,615.89 ",4/25/16,LINCOLN HOUSES,MA-489550
JOHN DEERE,Z930R,2018,MOWER,1TC930RVJHT060029,1812401,"$12,913.85 ",8/10/18,SETHLOW,MS-129327
JOHN DEERE,Z930R,2016,MOWER,1TC930RVKFT030041,1606739,"$10,615.89 ",4/21/16,INGERSOLL,MA-489532
JOHN DEERE,Z930R,2016,MOWER,1TC930RVKFT040701,1606739,"$10,615.89 ",5/2/16,PINK,MA-489522
JOHN DEERE,Z930R,2016,MOWER,1TC930RVKGT040764,1606739,"$10,615.89 ",4/28/16,RED HOOK EAST,MA-489524
JOHN DEERE,Z930R,2018,MOWER,1TC930RVKHT060014,1812401,"$12,913.85 ",8/10/18,HARLEM RIVER,MS-129328
JOHN DEERE,Z930R,2018,MOWER,1TC930RVKHT060031,1812401,"$12,913.85 ",8/10/18,COOPER PARK,MS-129329
JOHN DEERE,Z930R,2016,MOWER,1TC930RVLFT030001,1606739,"$10,615.89 ",4/27/16,BREUKELEN,MA-489521
JOHN DEERE,Z930R,2016,MOWER,1TC930RVLFT030046,1606739,"$10,615.89 ",5/2/16,RED HOOK WEST,MA-489534
JOHN DEERE,Z930R,2016,MOWER,1TC930RVLGT040738,1606739,"$10,615.89 ",4/29/16,SHEEPSHEAD / NOSTRAND,MA-489518
JOHN DEERE ,Z930R,2016,MOWER,1TC930RVLGT040755,1606739,"$10,615.89 ",4/25/16,HOWARD HOUSES,MA-489545
JOHN DEERE,Z930R,2016,MOWER,1TC930RVLGT040769,1606739,"$10,615.89 ",4/28/16,GLENWOOD,MA-489528
JOHN DEERE,Z930R,2018,MOWER,1TC930RVLJT060060,1805580,"$12,913.85 ",4/12/18,ST. MARY'S,MS-129304
JOHN DEERE ,Z930R,2016,MOWER,1TC930RVPFT040714,1606739,"$10,615.89 ",4/25/16,BUSHWICK,MA-489558
JOHN DEERE ,Z930R,2016,MOWER,1TC930RVPGT040732,1066739,"$10,615.89 ",4/26/16,ST. NICHOLAS,MA-489551
JOHN DEERE,Z930R,2016,MOWER,1TC930RVPGT040763,1606739,"$10,615.89 ",4/22/16,ASTORIA,MA-489544
JOHN DEERE,Z930R,2018,MOWER,1TC930RVPHT060013,1812401,"$12,913.85 ",8/10/18,FARRAGUT,MS-129326
JOHN DEERE,Z930R,2018,MOWER,1TC930RVPHT060027,1805580,"$12,913.85 ",4/12/18,BROWNSVILLE,MS-129308
JOHN DEERE,Z930R,2016,MOWER,1TC930RVTFT040002,1606739,"$10,615.89 ",5/3/16,LINDEN,MA-489523
JOHN DEERE,Z930R,2016,MOWER,1TC930RVTGT040759,1606739,"$10,615.89 ",5/2/16,CONEY ISLAND,MA-489525
JOHN DEERE ,Z930R,2016,MOWER,1TC930RVTGT040762,1606739,"$10,615.89 ",4/25/16,WAGNER HOUSES,MA-489555
JOHN DEERE,Z930R,2016,MOWER,1TC930RVTGT040762,1606739,"$10,615.89 ",4/29/16,HAMMEL,MA-489516
JOHN DEERE,Z930R,2018,MOWER,1TC930RVTHT060009,1805580,"$12,913.85 ",4/12/18,BOULEVARD,MS-129307
JOHN DEERE,Z930R,2018,MOWER,1TC930RVTHT060026,1805580,"$12,913.85 ",4/13/18,WAGNER,MS-129312
JOHN DEERE,Z930R,2016,MOWER,1TC930RVVFT040007,1606739,"$10,615.89 ",4/27/16,PARKSIDE,MA-489514
JOHN DEERE,Z930R,2016,MOWER,1TC930RVVFT040704,1606739,"$10,615.89 ",4/27/16,SOTOMAYOR,MA-489519
JOHN DEERE,Z930R,2016,MOWER,1TC930RVVGT040722,1606739,"$10,615.89 ",4/28/16,RAVENSWOOD,MA-489526
JOHN DEERE,Z930R,2016,MOWER,1TC930RVVGT040730,1606739,"$10,615.89 ",5/4/16,OCEAN BAY,MA-489539
JOHN DEERE,Z930R,2016,MOWER,1TC930RVVGT040767,1606739,"$10,615.89 ",4/28/16,BRONX RIVER,MA-489529
JOHN DEERE ,Z930R,2016,MOWER,1TC930RVVGT040770,1066739,"$10,615.89 ",4/26/16,WASHINGTON/LEXINGTON,MA-489554
JOHN DEERE,Z930R,2018,MOWER,1TC930RVVGT050005,1812401,"$12,913.85 ",8/10/18,MITCHEL,MS-129325
JOHN DEERE,Z930R,2018,MOWER,1TC930RVVHT060034,1812401,"$12,913.85 ",8/10/18,BRONX RIVER,MS-129324
JDEERE,318D,2013,Skidsteer,1TO318DACDG244766,1305050,"$32,731.29 ",4/25/13,SOUNDVIEW,EQ022415
JDEERE,318D,2013,Skidsteer,1TO318DACTG244525,1305050,"$32,731.29 ",4/25/13,GRAVESEND,EQ022414
JDEERE,318D,2013,Skidsteer,1TO318DAEDG244779,1305050,"$32,731.29 ",5/2/13,LAGUARDIA,EQ022416
JDEERE,318D,2013,Skidsteer,1TO318DATDG244509,1305050,"$32,731.29 ",4/22/13,O'DWYER,EQ022413
JDEERE,318D,2013,Skidsteer,1TO318DAVDG244775,1305050,"$32,731.29 ",5/2/13,SETH LOW,EQ022417
JOHN DEERE,318E,2015,SKIDSTEER,1TO318EAAFJ286157,1516442,"$37,305.62 ",7/24/15,CONEY ISLAND,EQ-022923
JOHN DEERE,318E,2015,SKIDSTEER,1TO318EAAFJ286241,1516442,"$37,305.62 ",7/24/15,JOHNSON,EQ-022921
JOHN DEERE,318E,2015,SKIDSTEER,1TO318EAAFJ286725,1516442,"$37,305.62 ",9/14/15,SACKWERN,EQ-022940
JOHN DEERE,318E,2015,SKIDSTEER,1TO318EAAFJ286739,1516442,"$37,305.62 ",9/14/15,STUVESANT,EQ-022942
JOHN DEERE,318E,2015,SKIDSTEER,1TO318EACEJ269590,1426433,"$36,999.00 ",10/14/14,SOUNDVIEW,EQ-022679
JOHN DEERE,318E,2015,SKIDSTEER,1TO318EACEJ269671,1426433,"$36,999.00 ",10/20/14,ISAAC HOLMES,EQ-022719
JOHN DEERE,318E,2015,SKIDSTEER,1TO318EACFJ286236,1516442,"$37,305.62 ",7/24/15,PARKSIDE,EQ-022924
JOHN DEERE,318E,2015,SKIDSTEER,1TO318EACFJ286360,1516442,"$37,305.62 ",7/28/15,WHITMAN,EQ-022929
JOHN DEERE,318E,2015,SKIDSTEER,1TO318EACFJ286438,1516442,"$37,305.62 ",8/6/15,FLEET LOANER # 3,EQ-022933
JOHN DEERE,318E,2015,SKIDSTEER,1TO318EACFJ286701,1516442,"$37,305.62 ",9/14/15,OCEAN BAY,EQ-022941
JOHN DEERE,318E,2015,SKIDSTEER,1TO318EAEEJ269619,1426433,"$36,999.00 ",10/14/14,WILLIAMS PLAZA,EQ-022680
JOHN DEERE,318E,2015,SKIDSTEER,1TO318EAEFJ286129,1516442,"$37,305.62 ",7/23/15,LOWER EAST SIDE 2,EQ-022919
JOHN DEERE,318E,2015,SKIDSTEER,1TO318EAEFJ286356,1516442,"$37,305.62 ",8/3/15,FLEET LOANER # 5,EQ-022932
JOHN DEERE,318E,2015,SKIDSTEER,1TO318EAHEJ269490,1426433,"$36,999.00 ",10/22/14,SOUTH BEACH,EQ-022722
JOHN DEERE,318E,2015,SKIDSTEER,1TO318EAHEJ269599,1426433,"$36,999.00 ",10/20/14,BOSTON SECOR,EQ-022720
JOHN DEERE,318E,2015,SKIDSTEER,1TO318EAHFJ286128,1516442,"$37,305.62 ",7/23/15,FT. WASHINGTON,EQ-022917
JOHN DEERE,318E,2015,SKIDSTEER,1TO318EAHFJ286162,1516442,"$37,305.62 ",7/27/15,BUSHWICK,EQ-022927
JOHN DEERE,318E,2015,SKIDSTEER,1TO318EAHFJ286209,1516442,"$37,305.62 ",7/27/15,LATIMER,EQ-022925
JOHN DEERE,318E,2015,SKIDSTEER,1TO318EAHFJ286226,1516442,"$37,305.62 ",7/24/15,COOPER PARK,EQ-022922
JOHN DEERE,318E,2015,SKIDSTEER,1TO318EAHFJ286338,1516442,"$37,305.62 ",8/3/15,EASTCHESTER,EQ-022931
JOHN DEERE,318E,2015,SKIDSTEER,1TO318EAJEJ269661,1426433,"$36,999.00 ",10/16/14,EDENWALD,EQ-022712
JOHN DEERE,318E,2015,SKIDSTEER,1TO318EAJFJ286669,1516442,"$37,305.62 ",8/24/15,RICHMOND TERRACE,EQ-022938
JOHN DEERE,318E,2015,SKIDSTEER,1TO318EAKEJ269562,1426433,"$36,999.00 ",10/16/14,CHELSEA,EQ-022708
JOHN DEERE,318E,2015,SKIDSTEER,1TO318EAKEJ269609,1426433,"$36,999.00 ",10/20/14,POMONOK,EQ-022718
JOHN DEERE,318E,2015,SKIDSTEER,1TO318EAKFJ286234,1516442,"$37,305.62 ",7/24/15,WSIE TOWERS,EQ-022920
JOHN DEERE,318E,2015,SKIDSTEER,1TO318EAKFJ286623,1516442,"$37,305.62 ",8/6/15,RED HOOK EAST,EQ-022935
JOHN DEERE,318E,2015,SKIDSTEER,1TO318EAPEJ269494,1426433,"$36,999.00 ",10/14/14,THROGGS NECK,EQ-022678
JOHN DEERE,318E,2015,SKIDSTEER,1TO318EAPEJ269513,1426433,"$36,999.00 ",10/16/14,PENN /VANDALIA,EQ-022709
JOHN DEERE,318E,2015,SKIDSTEER,1TO318EAPEJ269642,1426433,"$36,999.00 ",10/16/14,THROGGS NECK DEPOT,EQ-022711
JOHN DEERE,318E,2015,SKIDSTEER,1TO318EAPEJ269656,1426433,"$36,999.00 ",10/27/14,GRANT,EQ-022739
JOHN DEERE,318E,2015,SKIDSTEER,1TO318EAPFJ286099,1516442,"$37,305.62 ",7/23/15,SUMNER,EQ-022916
JOHN DEERE,318E,2015,SKIDSTEER,1TO318EAPFJ286216,1516442,"$37,305.62 ",8/3/15,DREW HAMILTON,EQ-022930
JOHN DEERE,318E,2015,SKIDSTEER,1TO318EATEJ269977,1426433,"$36,999.00 ",10/23/14,loaner,EQ-022732
JOHN DEERE,318E,2015,SKIDSTEER,1TO318EATFJ286134,1516442,"$37,305.62 ",7/27/15,LAFAYETTE,EQ-022928
JOHN DEERE,318E,2015,SKIDSTEER,1TO318EATFJ286148,1516442,"$37,305.62 ",7/23/15,ROOSEVELT,EQ-022918
JOHN DEERE,318E,2015,SKIDSTEER,1TO318EAVEJ269582,1426433,"$36,999.00 ",10/16/14,SETH LOW,EQ-022710
JOHN DEERE,318E,2015,SKIDSTEER,1TO318EAVFJ286206,1516442,"$37,305.62 ",7/27/15,MARCY,EQ-022926
JOHN DEERE,318E,2015,SKIDSTEER,1TO318EAVFJ286416,1516442,"$37,305.62 ",8/6/15,MANHATTANVILLE,EQ-022934
JOHN DEERE,318E,2015,SKIDSTEER,1TO318EAVFJ286707,1516442,"$37,305.62 ",8/24/15,MURPHY CONSOLIDATED ,EQ-022937
TENNNAT,4300,2014,ATLV,4300-3611,1423042,"$37,980.00 ",8/21/14,OCEAN HILL / SARATOGA,EQ-022549
TENNNAT,4300,2014,ATLV,4300-3616,1423042,"$37,980.00 ",8/21/14,THROGGS NECK,EQ-022557
TENNNAT,4300,2014,ATLV,4300-3617,1423042,"$37,980.00 ",8/21/14,BLAND,EQ-022558
TENNNAT,4300,2014,ATLV,4300-3626,1423042,"$37,980.00 ",8/21/14,RIIS,EQ-022563
TENNNAT,4300,2014,ATLV,4300-3627,1423042,"$37,980.00 ",8/21/14,LINCOLN,EQ-022564
TENNNAT,4300,2014,ATLV,4300-3634,1423042,"$37,980.00 ",8/21/14,CONEY ISLAND,EQ-022565
TENNNAT,4300,2014,ATLV,4300-3638,1423042,"$37,980.00 ",8/28/14,SOUNDVIEW,EQ-022589
TENNNAT,4300,2014,ATLV,4300-3639,1423042,"$37,980.00 ",8/28/14,EAST RIVER,EQ-022588
TENNNAT,4300,2014,ATLV,4300-3640,1423042,"$37,980.00 ",9/3/14,EDENWALD,EQ-022594
TENNNAT,4300,2014,ATLV,4300-3641,1423042,"$37,980.00 ",9/3/14,RED HOOK WEST,EQ-022592
TENNNAT,4300,2014,ATLV,4300-3645,1423042,"$37,980.00 ",9/3/14,POLO GROUNDS,EQ-022591
TENNNAT,4300,2014,ATLV,4300-3646,1423042,"$37,980.00 ",9/3/14,BEACH 41ST ST.,EQ-022590
TENNNAT,4300,2014,ATLV,4300-3647,1423042,"$37,980.00 ",9/3/14,REDFERN,EQ-022593
TENNANT,4300,2015,VAC,4300-3748,1501588,"$38,253.36 ",2/26/15,UNITY PLAZA,EQ-022843
TENNANT,4300,2015,VAC,4300-3749,1501588,"$38,253.36 ",2/26/15,JEFFERSON,EQ-022841
TENNANT,4300,2015,VAC,4300-3750,1501588,"$38,253.36 ",2/26/15,LINCOLN,EQ-022842
TENNANT,800,2017,SWEEPER ,800-8513,1729027,"$80,538.12 ",12/7/17,SAINT NICHOLAS,MA-489788
TENNANT,800,2017,SWEEPER ,800-8526,1729027,"$80,538.12 ",12/27/17,BREUKELEN,MA-489792
TENNANT,800,2019,SWEEPER,800-8740,1909082,"$86,091.00 ",6/26/19,THROGGSNECK,MS - 129446
TENNANT,800,2019,SWEEPER,800-8741,1909082,"$86,091.00 ",6/26/19,SOTOMAYOR,MS - 129447
TENNANT,800,2019,SWEEPER,800-8745,1909082,"$86,091.00 ",7/8/19,BARUCH,MS - 129451
TENNANT,800,2019,SWEEPER,800-8746,1909082,"$86,091.00 ",7/8/19,WAGNER,MS - 129452
TENNANT,800,2019,SWEEPER,800-8748,1909082,"$86,091.00 ",7/24/19,SOUNDVIEW,MS - 129457
TENNANT,800,2019,SWEEPER,800-8749,1909082,"$86,091.00 ",7/23/19,KINGSBOROUGH,MS - 129454
TENNANT,800,2019,SWEEPER,800-8750,1909082,"$86,091.00 ",7/23/19,DOUGLASS,MS - 129456
BOBCAT,5600,2015,TOOLCAT,AHG812933,1526896,"$58,639.91 ",11/18/15,WOODSIDE,EQ-022980
BOBCAT,5600,2015,TOOLCAT,AHG812934,1526896,"$58,639.91 ",11/18/15,BOULEVARD,EQ-022987
BOBCAT,5600,2015,TOOLCAT,AHG812935,1526896,"$58,639.91 ",11/18/15,MORRISANIA AIR RIGHTS,EQ-022979
BOBCAT,5600,2015,TOOLCAT,AHG812936,1526896,"$58,639.91 ",11/18/15,WAGNER,EQ-022990
BOBCAT,5600,2015,TOOLCAT,AHG812937,1526896,"$58,639.91 ",11/18/15,CASTLE HILL,EQ-022984
BOBCAT,5600,2015,TOOLCAT,AHG812938,1526896,"$58,639.91 ",11/18/15,WHITMAN,EQ-022992
BOBCAT,5600,2015,TOOLCAT,AHG812939,1526896,"$58,639.91 ",11/18/15,MARCY,EQ-022985
BOBCAT,5600,2015,TOOLCAT,AHG812940,1526896,"$58,639.91 ",11/18/15,DOUGLASS,EQ-022983
BOBCAT,5600,2015,TOOLCAT,AHG812941,1526896,"$58,639.91 ",11/18/15,HIGHBRIDGE GARDENS,EQ-022988
BOBCAT,5600,2015,TOOLCAT,AHG812942,1526896,"$58,639.91 ",11/18/15,QUEENSBRIDGE NORTH,EQ-022989
BOBCAT,5600,2015,TOOLCAT,AHG812943,1526896,"$58,639.91 ",11/18/15,LINDEN,EQ-022982
BOBCAT,5600,2015,TOOLCAT,AHG812944,1526896,"$58,639.91 ",11/18/15,FULTON,EQ-022991
BOBCAT,5600,2015,TOOLCAT,AHG812945,1526896,"$58,639.91 ",11/18/15,MITCHEL,EQ-022981
BOBCAT,5600,2015,TOOLCAT,AHG812946,1526896,"$58,639.91 ",11/18/15,ASTORIA,EQ-022986
BOBCAT,5600,2015,TOOLCAT,AHG812947,1526896,"$58,639.91 ",11/18/15,FOREST,EQ-022993
BOBCAT,5600,2017,TOOLCAT,AHG814797,1721939,"$62,574.46 ",10/25/17,CYPRESS HILLS,MA-489773
BOBCAT,5600,2017,TOOLCAT,AHG814805,1721939,"$62,574.46 ",10/25/17,ST. MARY'S,MA-489774
BOBCAT,5600,2017,TOOLCAT,AHG814815,1721939,"$62,574.46 ",10/25/17,SAINT NICHOLAS,MA-489775
BOBCAT,5600,2017,TOOLCAT,AHG814826,1721939,"$62,574.46 ",10/25/17,SOUNDVIEW,MA-489779
BOBCAT,5600,2017,TOOLCAT,AHG814830,1721939,"$62,574.46 ",10/25/17,BUSHWICK,MA-489778
BOBCAT,5600,2018,TOOLCAT,AHG815360,1805582,"$63,628.20 ",5/19/18,POMONOCK,MS-129317
BOBCAT,5600,2018,TOOLCAT,AHG815366,1805582,"$63,628.20 ",5/19/18,BROWNSVILLE,MS-129318
BOBCAT,5600,2018,TOOLCAT,AHG815431,1805582,"$63,628.20 ",5/19/18,BRONX RIVER,MS-129315
BOBCAT,5600,2018,TOOLCAT,AHG815448,1805582,"$63,628.20 ",5/19/18,MARLBORO,MS-129319
BOBCAT,5600,2018,TOOLCAT,AHG815471,1805582,"$63,628.20 ",5/19/18,MONROE,MS-129316
BOBCAT ,5600,2018,TOOLCAT,AHG816290,1825368,"$62,064.55 ",12/20/18,HARLM RIVER,MS-129388
BOBCAT ,5600,2018,TOOLCAT,AHG816291,1825368,"$62,064.55 ",12/21/18,EASTCHESTER,MS-129393
BOBCAT ,5600,2018,TOOLCAT,AHG816292,1825368,"$62,064.55 ",12/20/18,ALBANY,MS-129390
BOBCAT ,5600,2018,TOOLCAT,AHG816293,1825368,"$62,064.55 ",12/26/18,POLO GROUNDS,MS-129395
BOBCAT ,5600,2018,TOOLCAT,AHG816294,1825368,"$62,064.55 ",12/20/18,KING TOWERS,MS-129391
BOBCAT ,5600,2018,TOOLCAT,AHG816295,1825368,"$62,064.55 ",12/20/18,BAYVIEW,MS-129387
BOBCAT ,5600,2018,TOOLCAT,AHG816296,1825368,"$62,064.55 ",12/21/18,SOTOMAYOR,MS-129392
BOBCAT ,5600,2018,TOOLCAT,AHG816297,1825368,"$62,064.55 ",12/26/18,THROGGSNECK,MS-129394
BOBCAT ,5600,2018,TOOLCAT,AHG816298,1825368,"$62,064.55 ",12/26/18,PATTERSON,MS-129397
BOBCAT ,5600,2018,TOOLCAT,AHG816299,1825368,"$62,064.55 ",12/20/18,MELROSE,MS-129389
BOBCAT ,5600,2018,TOOLCAT,AHG816300,1825368,"$62,064.55 ",12/26/18,LAQUARDIA,MS-129396
BOBCAT ,5600,2018,TOOLCAT,AHG816301,1825368,"$62,064.55 ",12/27/18,GOMPERS,MS-129398
TENNANT,800,2019,2019,800-8793,,,,PINK,
TENNANT,800,2019,,800-8796,,,,POLO GROUNDS,
TENNANT,800,2019,,800-8795,,,,HARLEM RIVER,
TENNANT,800,2019,,800-8798,,,,MARLBORO,
TENNANT,800,2019,,800-8802,,,,SHEEPSHEAD / NOSTRAND ,
TENNANT,800,2019,,800-8805,,,,QUEENS BRIDGE SOUTH,
TENNANT,800,2019,,800-8804,,,,RED HOOK WEST,
TENNANT,800,2019,,800-8803,,,,RED HOOK EAST,
TENNANT,800,2019,,800-8807,,,,,
TENNANT,800,2019,,800-8808,,,,CYPRESS,
TENNANT,800,2019,,800-8809,,,,CASTLE HILL,
TENNANT,800,2019,,800-8825,,,,FARRAGUT,
BOBCAT,5600,2019, TOOLCAT,AHG816866,1905188,"$66,682.05 ",5/17/19,RED HOOK EAST ,MS- 129425
BOBCAT ,5600,2019,TOOLCAT,AHG816969,1908288,"$66,682.05 ",6/10/19,PARKSIDE,MS - 129433
BOBCAT ,5600,2019,TOOLCAT,AHG816976,1908288,"$66,682.05 ",6/10/19,RUTGERS,MS - 129432
BOBCAT ,5600,2019,TOOLCAT,AHG816980,1908288,"$66,682.05 ",6/14/19,REDFERN,MS - 129437
BOBCAT ,5600,2019,TOOLCAT,AHG816991,1908288,"$66,682.05 ",6/11/19,WISE TOWERS,MS - 129434
BOBCAT ,5600,2019,TOOLCAT,AHG816997,1908288,"$66,682.05 ",6/11/19,TILDEN,MS - 129435
BOBCAT ,5600,2019,TOOLCAT,AHG817003,1908288,"$66,682.05 ",6/14/19,WEST BRIGHTON,MS - 129436
BOBCAT,S630,2014,SKIDLOADER,AHGL11493,1426456,"$29,730.00 ",9/22/14,HOWARD,EQ-022614
BOBCAT,S630,2014,SKIDLOADER,AHGL11494,1426456,"$29,730.00 ",9/26/14,FULTON,EQ-022649
BOBCAT,S630,2014,SKIDLOADER,AHGL11495,1426456,"$29,730.00 ",9/22/14,BRONX RIVER,EQ-022615
BOBCAT,S630,2014,SKIDLOADER,AHGL11496,1426456,"$29,730.00 ",9/26/14,QUEENSBRIDGE NO.,EQ-022650
BOBCAT,S630,2014,SKIDLOADER,AHGL11497,1426456,"$29,730.00 ",9/26/14,QUEENSBRIDGE SO.,EQ-022651
BOBCAT,S630,2014,SKIDLOADER,AHGL11498,1426456,"$29,730.00 ",9/26/14,MRST,EQ-022675
BOBCAT,S630,2014,SKIDLOADER,AHGL11499,1426456,"$29,730.00 ",9/26/14,WOODSIDE,EQ-022653
BOBCAT,S630,2014,SKIDLOADER,AHGL11500,1426456,"$29,730.00 ",9/26/14,MANHATTANVILLE,EQ-022652
BOBCAT INTL.,S630,2015,SKIDLOADER,AHGL11648,1432399,"$34,108.70 ",12/22/14,CARVER,EQ-022810
BOBCAT INTL.,S630,2015,SKIDLOADER,AHGL11650,1432399,"$34,108.70 ",12/22/14,LINDEN,EQ-022804
BOBCAT INTL.,S630,2015,SKIDLOADER,AHGL11653,1432399,"$34,108.70 ",12/23/14,MORRISANIA,EQ-022812
BOBCAT INTL.,S630,2015,SKIDLOADER,AHGL11654,1432399,"$34,108.70 ",12/30/14,PINK,EQ-022807
BOBCAT INTL.,S630,2015,SKIDLOADER,AHGL11655,1432399,"$34,108.70 ",12/23/14,GOWANUS,EQ-022811
BOBCAT INTL.,S630,2015,SKIDLOADER,AHGL11656,1432399,"$34,108.70 ",12/30/14,PARK ROCK,EQ-022809
BOBCAT INTL.,S630,2015,SKIDLOADER,AHGL11657,1432399,"$34,108.70 ",12/31/14,ST. NICHOLAS,EQ-022805
BOBCAT INTL.,S630,2015,SKIDLOADER,AHGL11658,1432399,"$34,108.70 ",1/6/15,AMSTERDAM,EQ-022813
BOBCAT INTL.,S630,2015,SKIDLOADER,AHGL11660,1432399,"$34,108.70 ",12/29/14,KING TOWERS,EQ-022800
BOBCAT INTL.,S630,2015,SKIDLOADER,AHGL11661,1432399,"$34,108.70 ",12/24/14,MONROE,EQ-022806
BOBCAT INTL.,S630,2015,SKIDLOADER,AHGL11662,1432399,"$34,108.70 ",12/24/14,STAPLETON,EQ-022808
BOBCAT INTL.,S630,2015,SKIDLOADER,AHGL11663,1432399,"$34,108.70 ",12/29/14,VAN DYKE,EQ-022801
BOBCAT INTL.,S630,2015,SKIDLOADER,AHGL11664,1432399,"$34,108.70 ",12/29/14,ALBANY,EQ-022803
BOBCAT INTL.,S630,2015,SKIDLOADER,AHGL11665,1432399,"$34,108.70 ",12/29/14,VLADECK,EQ-022802
BOBCAT,S630,2016,SKIDSTEER,AHGL13217,1626696,"$49,956.00 ",11/16/16,CLAREMONT CONSOLIDATED,MA-489635
BOBCAT,S630,2016,SKIDSTEER,AHGL13218,1626696,"$49,956.00 ",11/15/16,BREUKELEN,MA-489628
BOBCAT,S630,2016,SKIDSTEER,AHGL13220,1626696,"$49,956.00 ",11/16/16,ALBANY,MA-489629
BOBCAT,S630,2016,SKIDSTEER,AHGL13223,1626696,"$49,956.00 ",11/17/16,INGERSOLL,MA-489627
BOBCAT,S630,2016,SKIDSTEER,AHGL13224,1626696,"$49,956.00 ",12/5/16,RED HOOK EAST,MA-489645
BOBCAT,S630,2016,SKIDSTEER,AHGL13225,1626696,"$49,956.00 ",11/23/16,SOUNDVIEW,MA-489634
BOBCAT,S630,2016,SKIDSTEER,AHGL13226,1626696,"$49,956.00 ",11/23/16,SETHLOW,MA-489630
BOBCAT,S630,2016,SKIDSTEER,AHGL13227,1626696,"$49,956.00 ",12/5/16,GOMPERS,MA-489637
BOBCAT,S630,2016,SKIDSTEER,AHGL13228,1626696,"$49,956.00 ",11/14/16,UNION CONSOLIDATED,MA-489631
BOBCAT,S630,2016,SKIDSTEER,AHGL13229,1626696,"$49,956.00 ",11/23/16,WALD,MA-489633
BOBCAT,S630,2016,SKIDSTEER,AHGL13232,1626696,"$49,956.00 ",11/15/16,FARRAGUT,MA-489636
BOBCAT,S630,2016,SKIDSTEER,AHGL13235,1626696,"$49,956.00 ",11/14/16,PELHAM PARKWAY,MA-489632
BOBCAT,S630,2016,SKIDSTEER,AHGL13236,1626696,"$49,956.00 ",12/5/16,RED HOOK WEST,MA-489646
BOBCAT,S630,2016,SKIDSTEER,AHGL13239,1626696,"$49,956.00 ",12/5/16,PINK HOUSES,MA-489647
BOBCAT,S630,2016,SKIDSTEER,AHGL13240,1626696,"$49,956.00 ",12/5/16,MOTT HAVEN,MA-489648
BOBCAT,S630,2017,SKIDSTEER,AHGL13277,1,"$49,956.00 ",1/4/17,STRAUSS,MA-489719
BOBCAT,S630,2018,SKIDSTEER,AHGL13944,1816590,"$51,956.24 ",6/18/18,WEBSTER,MS-129320
BOBCAT ,S630,2018,SKIDSTEER,AHGL14491,1829763,"$47,763.16 ",12/27/18,MARLBORO,MS-129400
BOBCAT ,S630,2018,SKIDSTEER,AHGL14494,1829763,"$47,763.16 ",12/27/18,WAGNER,MS-129399
BOBCAT ,S630,2018,SKIDSTEER,AHGL14498,1829763,"$47,763.16 ",12/31/18,POLO GROUNDS,MS-129402
BOBCAT ,S630,2018,SKIDSTEER,AHGL14499,1829763,"$47,763.16 ",12/27/18,MARINERS HARBOR,MS-129401
BOBCAT ,S630,2018,SKIDSTEER,AHGL14511,1829763,"$47,763.16 ",12/31/18,FLEET (GSD),MS-129403
BOBCAT,S550,2014,SKIDLOADER,AHGM11386,1426456,"$29,730.00 ",9/5/14,SEDGWICK,EQ-022597
BOBCAT,S550,2014,SKIDLOADER,AHGM11387,1426456,"$29,730.00 ",9/5/14,MOTT HAVEN,
BOBCAT,S550,2014,SKIDLOADER,AHGM11388,1426456,"$29,730.00 ",9/5/14,SOUTH JAMAICA,EQ-022600
BOBCAT,S550,2014,SKIDLOADER,AHGM11389,1426456,"$29,730.00 ",9/5/14,HIGHBRIDGE,EQ-022598
BOBCAT,S550,2014,SKIDLOADER,AHGM11390,1426456,"$29,730.00 ",9/5/14,RAVENSWOOD,EQ-022610
BOBCAT,S550,2014,SKIDLOADER,AHGM11391,1426456,"$29,730.00 ",9/26/14,KINGSBOROUGH,EQ-022648
BOBCAT,S550,2014,SKIDLOADER,AHGM11393,1426456,"$29,730.00 ",9/26/14,LOANER,EQ-022654
BOBCAT,S550,2016,SKIDSTEER,AHGM12176,1528290,"$24,872.41 ",12/15/15,GLENWOOD,MA-489329
BOBCAT,S550,2016,SKIDSTEER,AHGM12178,1528290,"$24,872.41 ",12/15/15,TAYLOR WHYTE,MA-489334
BOBCAT,S550,2016,SKIDSTEER,AHGM12180,1528290,"$24,872.41 ",12/15/15,ARMSTRONG ,MA-489333
BOBCAT,S550,2016,SKIDSTEER,AHGM12181,1528290,"$24,872.41 ",12/15/15,POMONOCK,MA-489331
BOBCAT,S550,2016,SKIDSTEER,AHGM12182,1528290,"$24,872.41 ",12/15/15,RAVENSWOOD,MA-489339
BOBCAT,S550,2016,SKIDSTEER,AHGM12183,1528290,"$24,872.41 ",12/15/15,LOANER,MA-489345
BOBCAT,S550,2016,SKIDSTEER,AHGM12184,1528290,"$24,872.41 ",12/15/15,WILLIAMSBURG,MA-489346
BOBCAT,S550,2016,SKIDSTEER,AHGM12185,1528290,"$24,872.41 ",12/15/15,WEST BRIGHTON ,MA-489337
BOBCAT,S550,2016,SKIDSTEER,AHGM12186,1528290,"$24,872.41 ",12/15/15,LANGSTON HUGHES,MA-489336
BOBCAT,S550,2016,SKIDSTEER,AHGM12187,1528290,"$24,872.41 ",12/15/15,ADAMS,MA-489332
BOBCAT,S550,2016,SKIDSTEER,AHGM12189,1528290,"$24,872.41 ",12/15/15,LEHMAN VILLAGE,MA-489328
BOBCAT,S550,2016,SKIDSTEER,AHGM12190,1528290,"$24,872.41 ",12/15/15,WASH - LEX,MA-489335
BOBCAT,S550,2016,SKIDSTEER,AHGM12191,1528290,"$24,872.41 ",12/15/15,RIIS,MA-489330
BOBCAT,S550,2016,SKIDSTEER,AHGM12195,1528290,"$24,872.41 ",12/15/15,ISAACS ,MA-489342
BOBCAT,S550,2016,SKIDSTEER,AHGM12196,1528290,"$24,872.41 ",12/15/15,HAMMEL,MA-489341
BOBCAT,S550,2016,SKIDSTEER,AHGM12197,1528290,"$24,872.41 ",12/15/15,ASTORIA,MA-489340
BOBCAT,S550,2016,SKIDSTEER,AHGM12202,1528290,"$24,872.41 ",12/15/15,BORIQUEN PLAZA,MA-489347
BOBCAT,S550,2016,SKIDSTEER,AHGM12203,1528290,"$24,872.41 ",12/15/15,BARUCH,MA-489338
BOBCAT,S550,2016,SKIDSTEER,AHGM12204,1528290,"$24,872.41 ",12/15/15,BROWNSVILLE,MA-489344
BOBCAT,S550,2016,SKIDSTEER,AHGM12205,1528290,"$24,872.41 ",12/15/15,EDENWALD,MA-489343
BOBCAT,S550,2014,SKIDLOADER,AHMG11387,1426456,"$29,730.00 ",9/5/14,MOTT HAVEN,EQ-022599
BOBCAT,5610,2017,TOOLCAT,B2LH11473,1721939,"$62,224.92 ",10/25/17,GUNHILL,MA-489772
BOBCAT,5610,2017,TOOLCAT,B2LH11478,1721939,"$62,224.92 ",10/25/17,MANHATTANVILLE,MA-489776
BOBCAT,5610,2017,TOOLCAT,B2LH11482,1721939,"$62,224.92 ",10/25/17,WILSON,MA-489777
BOBCAT,S70,2014,SKIDLOADER,B38V11532,1426456,,9/26/14,FRED SAMUELS,
TENNANT,S30,2015,SWEEPER,S30-6859,1501582,"$43,794.83 ",3/2/15,MILLBROOK,EQ-022834
TENNANT,S30,2015,SWEEPER,S30-6860,,"$43,794.83 ",2/18/15,BRONX RIVER,EQ-022835
TENNANT,S30,2015,SWEEPER,S30-6898,1501582,"$43,794.83 ",2/25/15,MOTT HAVEN,EQ-022840
TENNANT,S30,2015,SWEEPER,S30-6901,1501582,"$43,794.83 ",2/25/15,MITCHEL,EQ-022839
TENNANT,S30,2015,SWEEPER,S30-6904,1501582,"$43,794.83 ",4/29/15,HAMMEL,EQ-022903
TENNANT,S30,2015,SWEEPER,S30-6904,1436158,"$43,793.48 ",4/23/15,HAMMEL,EQ-022903
TENNANT,S30,2015,SWEEPER,S30-6906,1501582,"$43,794.83 ",3/2/15,HOWARD,EQ-022847
TENNANT,S30,2015,SWEEPER,S30-6909,1501582,"$43,794.83 ",3/2/15,WOODSON,EQ-022848
TENNANT,S30,2015,SWEEPER,S30-6913,1501582,"$43,794.83 ",3/2/15,WAGNER,EQ-022846
TENNANT,S30,2015,SWEEPER,S30-6916,1501582,"$43,794.83 ",3/2/15,TILDEN,EQ-022845
Make,Model,Year,Type,Serial #,PO #, Purchase $ ,Del. Date,Assignment,Tag # 
JOHN DEERE,317,2012,SKIDLOADER,T00317A178281,N/A, N/A ,2/21/19,THROGGS NECK,N/A
,,,,,,,,,
,,,,,,,,,
BOBCAT ,5600,2019,,AHG817558,,,,CLINTON,
BOBCAT ,5600,2019,,AHG817565,,,,DYCKMAN,
BOBCAT ,5600,2019,,AHG817560,,,,OCEANHILL,
BOBCAT ,5600,2019,,AHG817557,,,,BERRY,
BOBCAT ,5600,2019,,AHG817555,,,,JOHNSON,
BOBCAT ,5600,2019,,AHG817561,,,,MOTT HAVEN,
BOBCAT ,5600,2019,,AHG817694,,,,GOWANUS,
BOBCAT ,5600,2019,,AHG817564,,,,RANGEL,
BOBCAT ,5600,2019,,AHG817723,,,,GRANT,
BOBCAT ,5600,2019,,AHG817562,,,,RIIS,
BOBCAT ,5600,2019,,AHG817756,,,,WOODSON,
BOBCAT ,5600,2019,,AHG817563,,,,PARK ROCK,
BOBCAT ,5600,2019,,AHG817701,,,,ADAMS,
BOBCAT ,5600,2019,,AHG817717,,,,BREVOORT,
BOBCAT ,5600,2019,,AHG817556,,,,EAST RIVER,
BOBCAT ,5600,2019,,AHG817559,,,,SUMNER,
BOBCAT ,5600,2019,,AHG817707,,,,ROOSEVELT,
BOBCAT ,5600,2019,,AHG817763,,,,BREUKELEN,
BOBCAT ,5600,2019,,AHG817747,,,,UNION CONSOLIDATED,
BOBCAT ,5600,2019,,AHG817755,,,,RAVENSWOOD,
BOBCAT ,5600,2019,,AHG817761,,,,SACKWERN,
BOBCAT ,5600,2019,,AHG817691,,,,BAISLEY,
BOBCAT ,5600,2019,,AHG817708,,,,WALD,
BOBCAT ,5600,2019,,AHG817728,,,,JACKIE ROBINSON,
BOBCAT ,5600,2019,,AHG817693,,,,VLADECK,
BOBCAT ,5600,2019,,AHG817749,,,,BARUCH,
BOBCAT ,5600,2019,,AHG817716,,,,LANGSTON HUGHES,
BOBCAT ,5600,2019,,AHG817742,,,,BEACH 41ST,
BOBCAT ,5600,2019,,AHG817552,,,,TODT HILL,
BOBCAT ,5600,2019,,AHG817700,,,,LEHMAN VILLAGE,
BOBCAT ,5600,2019,,AHG817754,,,,VAN DYKE,
BOBCAT ,5600,2019,,AHG817714,,,,SOUTH JAMAICA,
BOBCAT ,5600,2019,,AHG817774,,,,UNITY,
BOBCAT ,5600,2019,,AHG817722,,,,GLENWOOD,
BOBCAT ,5600,2019,,AHG817740,,,,LAFAYETTE GARDENS ,
BOBCAT ,5600,2019,,AHG817775,,,,INGERSOLL,
BOBCAT ,5600,2019,,AHG817757,,,,LINCOLN,
BOBCAT ,5600,2019,,AHG817746,,,,SETH LOW,
BOBCAT ,5600,2019,,AHG817769,,,,FARRAGUT,
BOBCAT ,5600,2019,,AHG817762,,,,ELLIOTT / CHELSEA,
BOBCAT ,5600,2019,,AHG817773,,,,SHEEPSHEAD / NOSTRAND,
BOBCAT ,5600,2019,,AHG817735,,,,SEDGWICK,
BOBCAT ,5600,2019,,AHG817767,,,,MILLBROOK,
BOBCAT ,5600,2019,,AHG817768,,,,TAFT,
BOBCAT ,5610,2019,,B2LH11720,,,,PATTERSON,
BOBCAT ,5610,2019,,B2LH11782,,,,HAMMEL,
BOBCAT ,5610,2019,,BRLH11779,,,,SURFSIDE / CONEY ISLAND,
BOBCAT ,5610,2019,,B2LH11780,,,,BOSTON SECOR,
BOBCAT ,5610,2019,,B2LH11777,,,,DREW HAMILTON,
BOBCAT ,5610,2019,,B2LH11783,,,,THROGGSNECK,
BOBCAT ,5610,2019,,B2LH11784,,,,PINK,
BOBCAT ,5610,2019,,B2LH11778,,,,MAHATTANVILLE,
BOBCAT ,5610,2019,,B2LH11781,,,,SMITH,
BOBCAT ,5610,2019,,B2LH11787,,,,CLAREMONT CONSOLIDATED,
JOHN DEERE,Z930R,2019,,1TC930RFEKT070035,,,,RAVENSWOOD,
JOHN DEERE,Z930R,2019,,1TC930RFLKT070081,,,,POMONOK,
JOHN DEERE,Z930R,2019,,1TC930RFJKT070043,,,,POMONOK,
JOHN DEERE,Z930R,2019,,1TC930RFCKT070019,,,,ELLIOTT / CHELSEA,
JOHN DEERE,Z930R,2019,,1TC930RFJKT070074,,,,MORRIS,
JOHN DEERE,Z930R,2019,,1TC930RFTKT070037,,,,PELHAM PARKWAY,
JOHN DEERE,Z930R,2019,,1TC930RFVKT070045,,,,RIIS,
JOHN DEERE,Z930R,2019,,1TC930RFEKT070052,,,,THROGGSNECK,
JOHN DEERE,Z930R,2019,,1TC930RFHKT070082,,,,THROGGSNECK,
JOHN DEERE,Z930R,2019,,1TC930RFAKT070080,,,,FOREST,
JOHN DEERE,Z930R,2019,,1TC930RFEKT070049,,,,EDENWALD,
JOHN DEERE,Z930R,2019,,1TC930RFTKT070068,,,,EDENWALD,
JOHN DEERE,Z930R,2019,,1TC930RFCKT070075,,,,SOUNDVIEW,
JOHN DEERE,Z930R,2019,,1TC930RFTKT070040,,,,SOTOMAYOR,
JOHN DEERE,Z930R,2019,,1TC930RFKKT070073,,,,BREVOORT,
JOHN DEERE,Z930R,2019,,1TC930RFCKT070067,,,,BREVOORT,
JOHN DEERE,Z930R,2019,,1TC930RFEKT070066,,,,ROOSEVELT,
JOHN DEERE,Z930R,2019,,1TC930RFJKT070060,,,,LAFAYETTE,
JOHN DEERE,Z930R,2019,,1TC930RFCKT070036,,,,ISAACS,
JOHN DEERE,Z930R,2019,,1TC930RFKKT070042,,,,KING TOWERS,
JOHN DEERE,Z930R,2019,,1TC930RFLKT070078,,,,CASTLE HILL,
JOHN DEERE,Z930R,2019,,1TC930RFHKT070051,,,,RED HOOK WEST ,
JOHN DEERE,Z930R,2019,,1TC930RFHKT070079,,,,KINGSBOROUGH,
JOHN DEERE,Z930R,2019,,1TC930RFTKT070054,,,,SUMNER,
JOHN DEERE,Z930R,2019,,1TC930RFCKT070053,,,,LINCOLN,
JOHN DEERE,Z930R,2019,,1TC930RFCKT070044,,,,JOHNSON,
JOHN DEERE,Z930R,2019,,1TC930RFTKT070071,,,,MARBLE HILL,
JOHN DEERE,Z930R,2019,,1TC930RFEKT070083,,,,TOMPKINS,
JOHN DEERE,Z930R,2019,,1TC930RFPKT070038,,,,MANHATTANVILLE,
TENNANT,S30,2019,,9762,,,,VLADECK,
TENNANT,S30,2019,,9768,,,,RANGEL,
TENNANT,S30,2019,,9769,,,,WALD,
TENNANT,S30,2019,,9793,,,,STUYVESANT,
TENNANT,S30,2019,,9794,,,,MELROSE,
TENNANT,S30,2019,,9797,,,,ST. MARY'S,
TENNANT,S30,2019,,9803,,,,LES 2,
TENNANT,S30,2019,,9785,,,,BARUCH,
TENNANT,S30,2019,,9777,,,,UNITY,
TENNANT,S30,2019,,9798,,,,PARK ROCK,
TENNANT,S30,2019,,9806,,,,BROWNSVILLE,
TENNANT,S30,2019,,9816,,,,BERRY,
TENNANT,S30,2019,,9819,,,,MARINERS HARBOR,
TENNANT,S30,2019,,9820,,,,RICHMOND TERRACE,
TENNANT,S30,2019,,9833,,,,SOUTH BEACH,
TENNANT,S30,2019,,9807,,,,MARBLE HILL,
TENNANT,S30,2019,,9838,,,,POMONOCK,
TENNANT,S30,2019,,9849,,,,REDFERN,
TENNANT,S30,2019,,9842,,,,RIIS,
TENNANT,S30,2019,,9853,,,,CLINTON,
TENNANT,S30,2019,,9857,,,,EAST RIVER,
TENNANT,S30,2019,,9861,,,,JACKIE ROBINSON,
TENNANT,S30,2019,,9865,,,,LINCON,
TENNANT,S30,2019,,9869,,,,SOUTH JAMAICA,
TENNANT,S30,2019,,9877,,,,BEACH 41ST,
TENNANT,S30,2019,,9906,,,,LANGSTON HUGHES,
TENNANT,S30,2019,,9875,,,,WEST BRIGHTON,
TENNANT,S30,2019,,9881,,,,MONROE,
TENNANT,S30,2019,,9891,,,,LAQUARDIA,
TENNANT,S30,2019,,9900,,,,GOMPERS,
TENNANT,S30,2019,,9902,,,,JOHNSON,
TENNANT,S30,2019,,9899,,,,TAFT,
TENNANT,S30,2019,,9894,,,,GUNHILL,
TENNANT,S30,2019,,9896,,,,CARVER,
TENNANT,S30,2019,,9910,,,,BUTLER,
TENNANT,S30,2019,,9913,,,,ISAACS,
TENNANT,S30,2019,,9917,,,,LEHMAN ,
TENNANT,S30,2019,,9919,,,,LINDEN,
TENNANT,S30,2019,,9921,,,,VAN DYKE,
TENNANT,S30,2019,,9929,,,,UNION CONSOLIDATED,
TENNANT,S30,2019,,9932,,,,MORRIS,
TENNANT,S30,2019,,9935,,,,GRANT,
TENNANT,S30,2019,,9940,,,,STAPLETON,
TENNANT,S30,2019,,9924,,,,MURPHY CONSOLIDATED,
TENNANT,S30,2019,,9951,,,,TBD,
TENNANT,S30,2019,,9937,,,,TBD,
TENNANT,S30,2019,,9954,,,,TBD,
TENNANT,S30,2019,,9959,,,,TBD,
TENNANT,S30,2019,,9960,,,,TBD,
TENNANT,S30,2019,,9961,,,,TBD,
TENNANT,S30,2019,,9962,,,,COOPER PARK ,
TENNANT,S30,2019,,9957,,,,BREEVOORT,
TENNANT,S30,2019,,9992,,,,WEBSTER,
TENNANT,S30,2019,,9972,,,,RUTGERS,
TENNANT,S30,2019,,9995,,,,WASHINGTON / LEXINGTON,
TENNANT,S30,2019,,9970,,,,LAQUARDIA,
TENNANT,S30,2019,,9974,,,,BORIQUEN PLAZA,
TENNANT,S30,2019,,9976,,,,ROOSEVELT,
TENNANT,S30,2019,,9997,,,,QUEENS BRIDGE NORTH,
TENNANT,S30,2019,,10001,,,,FORT INDEPENDENCE,
TENNANT,S30,2019,,9967,,,,INGERSOLL,
TENNANT,S30,2019,,9973,,,,BAYVIEW,
TENNANT,S30,2019,,9984,,,,KING TOWERS,
TENNANT,S30,2019,,9985,,,,WHITMAN,
TENNANT,S30,2019,,9975,,,,PATTERSON,
BOBCAT ,S630,2019,,AHGL14995,,,,RED HOOK WEST,
BOBCAT ,S630,2019,,AHGL14997,,,,UNITY,
BOBCAT ,S630,2019,,AHGL14998,,,,MARBLE HILL,
BOBCAT ,S630,2019,,AHGL14832,,,,LINCOLN,
BOBCAT ,S630,2019,,AHGL14982,,,,LAFAYETTE GARDENS,
BOBCAT ,S630,2019,,AHGL14833,,,,SOTOMAYOR,
BOBCAT ,S630,2019,,AHGL14996,,,,MONROE,
BOBCAT ,S630,2019,,AHGL14836,,,,SHEEPSHEAD / NOSTRAND,
BOBCAT ,S630,2019,,AHGL14993,,,,KING TOWERS,
BOBCAT ,S630,2019,,AHGL14968,,,,ISAACS,
BOBCAT ,S630,2019,,AHGL14991,,,,CASTLE HILL,
BOBCAT ,S630,2019,,AHGL14835,,,,JEFFERSON,
BOBCAT ,S630,2019,,AHGL14992,,,,FORT INDEPENDENCE,
BOBCAT ,S630,2019,,AHGL14834,,,,PATTERSON,
JOHN DEERE,324G ,2019,,1T0324GJLKJ366198,,,,CASTLE HILL ,
JOHN DEERE,324G ,2019,,1T0324GJJKJ366275,,,,PELHAM PARKWAY,
JOHN DEERE,324G ,2019,,1T0324GJKKJ366260,,,,VAN DYKE,
JOHN DEERE,324G ,2019,,1T0324GJLKJ366265,,,,LINDEN,
JOHN DEERE,324G ,2019,,1T0324GJJKJ366292,,,,TAFT,
JOHN DEERE,324G ,2019,,1T0324GJPKJ366256,,,,WASHINGTON / LEXINGTON,
JOHN DEERE,324G ,2019,,1T0324GJPKJ366287,,,,ISAACS,
JOHN DEERE,324G ,2019,,1T0324GJAKJ366370,,,,POLO GROUNDS,
JOHN DEERE,324G ,2019,,1T0324GJCKJ366397,,,,PINK,
JOHN DEERE,324G ,2019,,1T0324GJEKJ366379,,,,MARINERS HARBOR,
JOHN DEERE,324G ,2019,,1T0324GJAKJ366278,,,,SURFSIDE / CONEY ISLAND,
JOHN DEERE,324G ,2019,,1T0324GJVKJ366263,,,,WILLIAM RIED,
JOHN DEERE,324G ,2019,,1T0324GJVKJ366280,,,,THROGGS NECK,
JOHN DEERE,324G ,2019,,1T0324GJKKJ366369,,,,BREEVOORT,
JOHN DEERE,324G ,2019,,1T0324GJHKJ366283,,,,BERRY,
JOHN DEERE,1023E,2019,,1LV1023EHKK126780,,,,MONROE,
JOHN DEERE,1023E,2019,,1LV1023EJKK130627,,,,TAFT,
JOHN DEERE,1023E,2019,,1LV1023EKKK130593,,,,SACKWERN,
JOHN DEERE,1023E,2019,,1LV1023ELKK125532,,,,ADAMS,
JOHN DEERE,1023E,2019,,1LV1023ELKK126776,,,,LES 2,
JOHN DEERE,1023E,2019,,1LV1023ELKK126812,,,,UNION CONSOLIDATED,
JOHN DEERE,1023E,2019,,1LV1023ELKK129144,,,,FRED SAMUELS,
JOHN DEERE,1023E,2019,,1LV1023EVKK126791,,,,MORRISANIA AIR RIGHTS,
JOHN DEERE,1023E,2019,,1LV1023EAKK130602,,,,ST. MARY'S,
JOHN DEERE,1023E,2019,,1LV1023ECKK126773,,,,CASTLE HILL,
JOHN DEERE,1023E,2019,,1LV1023ECKK130623,,,,BREUKELEN,
JOHN DEERE,1023E,2019,,1LV1023ECKK130654,,,,BREEVOORT,
JOHN DEERE,1023E,2019,,1LV1023ETKK126766,,,,SUMNER,
JOHN DEERE,1023E,2019,,1LV1023EHKK126570,,,,EAST RIVER,
JOHN DEERE,1023E,2019,,1LV1023EPKK126784,,,,SURFSIDE / CONEY ISLAND,
JOHN DEERE,1023E,2019,,1LV1023EPKK126395,,,,BRONX RIVER,
JOHN DEERE,1023E,2019,,1LV1023EHKK130599,,,,ROOSEVELT,
JOHN DEERE,1023E,2019,,1LV1023EVKK130601,,,,PARK ROCK,
JOHN DEERE,1023E,2019,,1LV1023EHKK130621,,,,ISAACS ,
JOHN DEERE,1023E,2019,,1LV1023EPKK126798,,,,DREW HAMILTON,
JOHN DEERE,1023E,2019,,1LV1023EEKK126926,,,,TODT HILL,
JOHN DEERE,1023E,2019,,1LV1023ETKK126458,,,,CAREY GARDENS,
JOHN DEERE,1023E,2019,,1LV1023EVKK130646,,,,LANGSTON HUGHES,
JOHN DEERE,1023E,2019,,1LV1023ECKK126264,,,,TBD,
JOHN DEERE,1023E,2019,,1LV1023ECKK126409,,,,TBD,
JOHN DEERE,1023E,2019,,1LV1023ECKK126782,,,,MELROSE,
JOHN DEERE,1023E,2019,,1LV1023ECKK126787,,,,TBD,
JOHN DEERE,1023E,2019,,1LV1023ECKK129088,,,,TBD,
JOHN DEERE,1023E,2019,,1LV1023EEKK130572,,,,TBD,
JOHN DEERE,1023E,2019,,1LV1023EHKK130621,,,,ISAACS ,
JOHN DEERE,1023E,2019,,1LV1023EJKK129669,,,,TBD,
JOHN DEERE,1023E,2019,,1LV1023EKKK130643,,,,TBD,
JOHN DEERE,1023E,2019,,1LV1023EKKK130660,,,,LAFAYETTE GARDENS,
JOHN DEERE,1023E,2019,,1LV1023ELKK130617,,,,TBD,
JOHN DEERE,1023E,2019,,1LV1023EPKK126798,,,,TBD,
JOHN DEERE,1023E,2019,,1LV1023EPKK126803,,,,TBD,
JOHN DEERE,1023E,2019,,1LV1023ETKK126458,,,,TBD,
JOHN DEERE,1023E,2019,,1LV1023EVKK126239,,,,TBD,
JOHN DEERE,1023E,2019,,1LV1023EVKK126306,,,,OCEAN HILL,
JOHN DEERE,XUV856M,2019,,1M0865MDKKM020435,,,,ADAMS,
JOHN DEERE,XUV856M,2019,,1M0865MDPKM020398,,,,MITCHEL,
JOHN DEERE,XUV856M,2019,,1M0865MDHKMO20394,,,,MARLBORO,
JOHN DEERE,317,2007,,T00317A178223,,,,Farragut Houses,
JOHN DEERE,317,2007,,T00317A178316,,,,Lafayette Gardens,
JOHN DEERE,317,2007,,T00317A178227,,,,BAYVIEW,
JOHN DEERE,317,2007,,T00317A178219,,,,Sheepshead-Nostrand,
JOHN DEERE,317,2007,,T00317A177694,,,,Sheepshead-Nostrand,
JOHN DEERE,317,2007,,T00317A178186,,,,Marlboro,
JOHN DEERE,317,2007,,T00317A177687,,,,Marlboro,
JOHN DEERE,317,2007,,T00317A178279,,,,Riis Houses,
JOHN DEERE,317,2007,,T00317A178217,,,,Wagner Houses,
JOHN DEERE,317,2007,,T00317A177663,,,,Borinquen Plaza,
JOHN DEERE,317,2007,,T00317A177984,,,,SOTOMAYOR,
JOHN DEERE,317,2007,,T00317A177661,,,,Castle Hill Houses,
JOHN DEERE,317,2007,,T00317A178220,,,,Morrisania Consolidation,
JOHN DEERE,317,2007,,T00317A177980,,,,Baisley Park,
JOHN DEERE,317,2007,,T00317A178274,,,,MARINERS HARBOR,
JOHN DEERE,4120,2009,,LV4120H150434,,,,LAGUARDIA,
JOHN DEERE,4120,2009,,LV4120H150438,,,,South Jamaica,
JOHN DEERE,4120,2009,,LV4120H150426,,,,Soundview,
JOHN DEERE,4120,2009,,LV4120H610011,,,,Sumner,
JOHN DEERE,4120,2009,,LV4120H610027,,,,Isaacs/Holmes,
JOHN DEERE,4120,2009,,LV4120H610031,,,,Lehman Village,
JOHN DEERE,4120,2009,,LV4120H610006,,,,Johnson,
JOHN DEERE,4120,2009,,LV4120H610028,,,,Straus,
JOHN DEERE,4120,2009,,LV4120H610029,,,,Queensbridge South,
JOHN DEERE,4120,2009,,LV4120H210470,,,,O'Dwyer Gardens ,
JOHN DEERE,4120,2009,,LV4120H210497,,,,MANHATTANVILLE,
JOHN DEERE,4120,2009,,LV4120H610285,,,,Washington-Lexington,
JOHN DEERE,4120,2009,,LV4120H210473,,,,Wald Houses,
JOHN DEERE,4120,2009,,LV4120H610266,,,,BAYVIEW,
JOHN DEERE,4120,2009,,LV4120H610289,,,,Manhattan  Mgmt,
JOHN DEERE,4120,2009,,LV4120H610299,,,,Castle Hill Houses,
JOHN DEERE,4120,2009,,LV4120H610009,,,,SMITH,
JOHN DEERE,4120,2009,,LV4120H610025,,,,Wald Houses,
JOHN DEERE,4120,2009,,LV4120H610022,,,,PATTERSON,
JOHN DEERE,4120,2009,,LV4120H610012,,,,Taft Houses,
JOHN DEERE,4120,2009,,LV4120H150436,,,, Loaner,
JOHN DEERE,4120,2009,,LV4120H150430,,,,Breukelen,
JOHN DEERE,4120,2009,,LV4120H610023,,,,BOSTON SECOR,
JOHN DEERE,4120,2009,,LV4120H150428,,,,BUTLER,
JOHN DEERE ,318G,2017,,1T0318GALHJ319661,,,,TODT HILL,
JDEERE,318D,2014,,1T0318EALEJ259363,,,,BROWNSVILLE,
JOHN DEERE,Z920,2007,,TC920AK011644,,,,MARCY,
JOHN DEERE,GATOR,2007,,W006X4D040520,,,,BAYVIEW,
TENNANT,S30,2018,,S30-6898,,,,MITCHEL,
JOHN DEERE,GATOR,2007,,W006X4D040502,,,,Melrose,
JOHN DEERE,318D,2010,,1T031BDACA0190518,,,,SMITH,
JOHN DEERE,4120,2009,,LV4120H610009,,,,SMITH,
JOHN DEERE,4120,2009,,LV4120H610307,,,,ASTORIA,
JOHN DEERE,4120,2009,,LV4120H610044,,,,RAVENSWOOD,
JOHN DEERE,4410,2009,,LV4410H142109,,,,REDFERN,
JOHN DEERE,GATOR,2007,,W006X4D004084,,,,BOSTON SECOR,
JOHN DEERE,Z820,2007,,TC820AK020761,,,,TODT HILL,