id,developmen,tds_num,borough,managed_by,cons_tds,consolidat,population,units,creationda,creator,editdate,editor,globalid,WY_V2,WY_V3,PROP_GRP,Bin_Count,Comp_Count,Bulk_Site_Count
"5",1471 WATSON AVENUE,"214",BRONX,SOTOMAYOR HOUSES,"067",SOTOMAYOR HOUSES CONSOLIDATED,156,96,2019-09-23,Daniel.Froehlich_NYCHA,2019-09-23,Daniel.Froehlich_NYCHA,57e71a63-8763-4feb-80ec-8497217c7cd9,"1",,BX-3,,,"1"
"6",154 WEST 84TH STREET,"359",MANHATTAN,KRAUS MANAGEMENT (PRIVATE - M/B 1),"359",KRAUS MANAGEMENT CONSOLIDATED,74,35,2019-09-23,Daniel.Froehlich_NYCHA,2019-09-23,Daniel.Froehlich_NYCHA,e927361d-e175-4d98-8421-22d0613c38e2,,,,,,
"8",335 EAST 111TH STREET,"203",MANHATTAN,JEFFERSON,"064",JEFFERSON CONSOLIDATED,114,66,2019-09-23,Daniel.Froehlich_NYCHA,2019-09-23,Daniel.Froehlich_NYCHA,307b6c14-366b-4e08-abb2-14e3fbe687aa,,,,,,
"9",344 EAST 28TH STREET,"185",MANHATTAN,STRAUS,"153",STRAUS CONSOLIDATED,427,225,2019-09-23,Daniel.Froehlich_NYCHA,2019-09-23,Daniel.Froehlich_NYCHA,6bc9aa4f-0bca-4cff-9c19-a4133008afd8,,,,,,
"10",45 ALLEN STREET,"265",MANHATTAN,GOMPERS,"100",GOMPERS CONSOLIDATED,237,107,2019-09-23,Daniel.Froehlich_NYCHA,2019-09-23,Daniel.Froehlich_NYCHA,62fb1ef5-4772-40c3-8ef0-ae8f54a7d0df,,,,"1",,
"11",572 WARREN STREET,"196",BROOKLYN,WYCKOFF GARDENS,"163",WYCKOFF GARDENS CONSOLIDATED,375,200,2019-09-23,Daniel.Froehlich_NYCHA,2019-09-23,Daniel.Froehlich_NYCHA,c62cc52d-9969-467f-8561-c12c2fb18bfe,,,,,,
"12",830 AMSTERDAM AVENUE,"150",MANHATTAN,DOUGLASS,"082",DOUGLASS CONSOLIDATED,351,158,2019-09-23,Daniel.Froehlich_NYCHA,2019-09-23,Daniel.Froehlich_NYCHA,1b60a4d1-0041-425d-98f3-9f45357b0f05,,,,,,
"69",CONEY ISLAND I (SITE 8),"238",BROOKLYN,O'DWYER GARDENS,"172",O'DWYER GARDENS CONSOLIDATED,361,124,2019-09-23,Daniel.Froehlich_NYCHA,2019-09-23,Daniel.Froehlich_NYCHA,7695be2d-a468-467a-ba2f-ffead31a03b3,"1",,BK-1,"1",,"1"
"115",GOMPERS,"100",MANHATTAN,GOMPERS,"100",GOMPERS CONSOLIDATED,1067,472,2019-09-23,Daniel.Froehlich_NYCHA,2019-09-23,Daniel.Froehlich_NYCHA,625ed431-4d7c-4a8c-afef-c295228ef8dd,"2","1",MH-1,"2","1","2"
"30",BELMONT-SUTTER AREA,"345",BROOKLYN,BOULEVARD,"046",BOULEVARD CONSOLIDATED,189,72,2019-09-23,Daniel.Froehlich_NYCHA,2019-09-23,Daniel.Froehlich_NYCHA,6fee7159-9381-4ecd-8e47-af0089c05bc0,,,,"1",,
"13",ADAMS,"118",BRONX,ADAMS,"118",ADAMS,2310,924,2019-09-23,Daniel.Froehlich_NYCHA,2019-09-23,Daniel.Froehlich_NYCHA,3a3e9840-7086-43c5-9de7-684cbfb1fbf3,"2","2",BX-3,"6","2","1"
"14",ALBANY,"031",BROOKLYN,ALBANY,"031",ALBANY CONSOLIDATED,1886,823,2019-09-23,Daniel.Froehlich_NYCHA,2019-09-23,Daniel.Froehlich_NYCHA,27564e9e-693b-4247-88b1-b059fa7f2769,"1","1",,"4","1",
"16",AMSTERDAM,"022",MANHATTAN,AMSTERDAM,"022",AMSTERDAM CONSOLIDATED,2270,1084,2019-09-23,Daniel.Froehlich_NYCHA,2019-09-23,Daniel.Froehlich_NYCHA,1feb25e1-6c04-4dff-add1-632b259db7a5,"4","1",,"4","3","4"
"52",CAREY GARDENS,"166",BROOKLYN,CAREY GARDENS,"166",CAREY GARDENS CONSOLIDATED,1632,682,2019-09-23,Daniel.Froehlich_NYCHA,2019-09-23,Daniel.Froehlich_NYCHA,da89b95c-daf0-43f8-bae2-6e5dc2856b3c,"2","1",BK-1,"3","2","1"
"149",LA GUARDIA ADDITION,"152",MANHATTAN,LA GUARDIA,"076",LA GUARDIA CONSOLIDATED,193,149,2019-09-23,Daniel.Froehlich_NYCHA,2019-09-23,Daniel.Froehlich_NYCHA,678e171b-a7ee-4879-846e-ffd4ed57456f,,,,,,
"271",TWO BRIDGES URA (SITE 7),"266",MANHATTAN,LA GUARDIA,"076",LA GUARDIA CONSOLIDATED,622,250,2019-09-23,Daniel.Froehlich_NYCHA,2019-09-23,Daniel.Froehlich_NYCHA,db8226b5-1f50-43d7-b545-65152f76614c,,,,,,
"314",,,,,,,,,,,,,,,,,,,
"90",EASTCHESTER GARDENS,"034",BRONX,EASTCHESTER GARDENS,"034",EASTCHESTER GARDENS CONSOLIDATED,2051,877,2019-09-23,Daniel.Froehlich_NYCHA,2019-09-23,Daniel.Froehlich_NYCHA,14d6ba85-9fe8-4dfa-9c97-105ef1888bf6,"1","1",BX-1,"5","2","1"
"265",THROGGS NECK,"063",BRONX,THROGGS NECK,"063",THROGGS NECK CONSOLIDATED,2648,1182,2019-09-23,Daniel.Froehlich_NYCHA,2019-09-23,Daniel.Froehlich_NYCHA,f5522a23-19a4-4689-ad39-aab7ae1f2262,"1","1",BX-2,"13","4",
"266",THROGGS NECK ADDITION,"193",BRONX,THROGGS NECK,"063",THROGGS NECK CONSOLIDATED,692,287,2019-09-23,Daniel.Froehlich_NYCHA,2019-09-23,Daniel.Froehlich_NYCHA,fb6b709f-8cc9-4cbe-8b92-e892e33226a8,"1","1",BX-2,"4","1",
"290",WASHINGTON HEIGHTS REHAB PHASE IV (C),"330",MANHATTAN,FORT WASHINGTON,"309",FORT WASHINGTON CONSOLIDATED,67,32,2019-09-23,Daniel.Froehlich_NYCHA,2019-09-23,Daniel.Froehlich_NYCHA,319f7e29-f591-4b13-8e48-212ba0febcf2,,,MH-2,,,
"190",MOTT HAVEN,"121",BRONX,MOTT HAVEN,"121",MOTT HAVEN,2542,992,2019-09-23,Daniel.Froehlich_NYCHA,2019-09-23,Daniel.Froehlich_NYCHA,2085dcd8-67b9-4028-8db3-32067a637e8e,"1","1",BX-4,"6","2","1"
"63",CLAREMONT REHAB (GROUP 5),"336",BRONX,CLAREMONT CONSOLIDATED,"308",CLAREMONT CONSOLIDATED,304,129,2019-09-23,Daniel.Froehlich_NYCHA,2019-09-23,Daniel.Froehlich_NYCHA,434fbd9e-9db5-451b-a88a-3f0ec9633499,,,BX-5,,,
"18",ARMSTRONG I,"210",BROOKLYN,ARMSTRONG I,"210",ARMSTRONG CONSOLIDATED,977,369,2019-09-23,Daniel.Froehlich_NYCHA,2019-09-23,Daniel.Froehlich_NYCHA,675e605d-1cdc-44ef-a4c8-4e4839e398c2,,,,,,
"236",SAMUEL (MHOP) III,"399",MANHATTAN,KRAUS MANAGEMENT (PRIVATE - M/B 1),"359",KRAUS MANAGEMENT CONSOLIDATED,3,1,2019-09-23,Daniel.Froehlich_NYCHA,2019-09-23,Daniel.Froehlich_NYCHA,523d9215-c869-48dc-bd17-55b3e7b7ac5f,,,MH-2,,,
"288",WASHINGTON HEIGHTS REHAB PHASE III (FORT WASHINGTON),"523",MANHATTAN,FORT WASHINGTON,"309",FORT WASHINGTON CONSOLIDATED,174,88,2019-09-23,Daniel.Froehlich_NYCHA,2019-09-23,Daniel.Froehlich_NYCHA,8e962b72-eb0f-42fd-84a5-bc85650e2ac1,,,MH-2,,,
"19",ARMSTRONG II,"228",BROOKLYN,ARMSTRONG I,"210",ARMSTRONG CONSOLIDATED,702,248,2019-09-23,Daniel.Froehlich_NYCHA,2019-09-23,Daniel.Froehlich_NYCHA,80936436-19fe-45a5-8825-c54c918b321d,,,,,,
"22",AUDUBON,"125",MANHATTAN,HARLEM RIVER,"003",HARLEM RIVER CONSOLIDATED,446,167,2019-09-23,Daniel.Froehlich_NYCHA,2019-09-23,Daniel.Froehlich_NYCHA,c4efc6a8-4df0-40bd-9456-6b8571566066,,,MH-2,"1",,
"23",BAILEY AVENUE-WEST 193RD STREET,"202",BRONX,FORT INDEPENDENCE,"197",FORT INDEPENDENCE CONSOLIDATED,455,232,2019-09-23,Daniel.Froehlich_NYCHA,2019-09-23,Daniel.Froehlich_NYCHA,f005f3cc-9d1f-45de-9397-7b6170559b2d,"1","1",BX-5,"1","1","1"
"24",BAISLEY PARK,"091",QUEENS,BAISLEY PARK,"091",BAISLEY PARK CONSOLIDATED,947,381,2019-09-23,Daniel.Froehlich_NYCHA,2019-09-23,Daniel.Froehlich_NYCHA,d622d852-adb7-4e49-b0c8-dad2af562ef6,"1","1",,"3","2",
"25",BARUCH,"060",MANHATTAN,BARUCH,"060",BARUCH CONSOLIDATED,4872,2193,2019-09-23,Daniel.Froehlich_NYCHA,2019-09-23,Daniel.Froehlich_NYCHA,20c1e7dd-b80c-4e44-a3fd-0278598ed4b9,"2","1",MH-1,"8","4","1"
"26",BARUCH HOUSES ADDITION,"198",MANHATTAN,BARUCH,"060",BARUCH CONSOLIDATED,242,197,2019-09-23,Daniel.Froehlich_NYCHA,2019-09-23,Daniel.Froehlich_NYCHA,7c16c87e-ec55-42c4-b7cd-13b469332392,,,MH-1,"1",,
"27",BAY VIEW,"092",BROOKLYN,BAY VIEW,"092",BAY VIEW,3506,1609,2019-09-23,Daniel.Froehlich_NYCHA,2019-09-23,Daniel.Froehlich_NYCHA,603d5d50-fbc0-46d0-81bf-4fefb7fc53eb,"5","4",,"8","4","2"
"291",WASHINGTON HEIGHTS REHAB PHASE IV (D),"331",MANHATTAN,FORT WASHINGTON,"309",FORT WASHINGTON CONSOLIDATED,60,32,2019-09-23,Daniel.Froehlich_NYCHA,2019-09-23,Daniel.Froehlich_NYCHA,1072fed2-1bec-4380-a0a2-f3569841385a,,,MH-2,,,
"292",WEBSTER,"141",BRONX,WEBSTER,"141",WEBSTER CONSOLIDATED,1562,606,2019-09-23,Daniel.Froehlich_NYCHA,2019-09-23,Daniel.Froehlich_NYCHA,0ee17d3a-1017-4f4f-9f66-a86ca247dd9b,"1","1",BX-5,"2","2","1"
"28",BEACH 41ST STREET-BEACH CHANNEL DRIVE,"165",QUEENS,BEACH 41ST STREET-BEACH CHANNEL DRIVE,"165",BEACH 41ST STREET-BEACH CHANNEL DRIVE,1622,712,2019-09-23,Daniel.Froehlich_NYCHA,2019-09-23,Daniel.Froehlich_NYCHA,980f7a9e-64c0-4ef8-ab2c-c2b3998e69dc,"2","1",,"4","2","2"
"29",BEDFORD-STUYVESANT REHAB,"311",BROOKLYN,SUMNER,"073",SUMNER CONSOLIDATED,180,84,2019-09-23,Daniel.Froehlich_NYCHA,2019-09-23,Daniel.Froehlich_NYCHA,782cc803-1f64-4f18-b10c-d2b0556e03bf,,,,,,
"31",BERRY,"052",STATEN ISLAND,BERRY,"052",BERRY,944,506,2019-09-23,Daniel.Froehlich_NYCHA,2019-09-23,Daniel.Froehlich_NYCHA,2087812e-7fb0-4f9d-82db-ca3a73437cc5,"1","1",SI-1,"4","1","1"
"32",BERRY STREET-SOUTH 9TH STREET,"357",BROOKLYN,TOMPKINS,"131",TOMPKINS CONSOLIDATED,370,150,2019-09-23,Daniel.Froehlich_NYCHA,2019-09-23,Daniel.Froehlich_NYCHA,213efda3-2bbf-4290-b489-730a11678bc4,"1","1",,,"1",
"34",BLAND,"054",QUEENS,LATIMER GARDENS,"186",LATIMER GARDENS CONSOLIDATED,863,399,2019-09-23,Daniel.Froehlich_NYCHA,2019-09-23,Daniel.Froehlich_NYCHA,98e83cc1-9fcd-4aab-a515-afded5d5c38f,,,,"3",,
"294",WEST BRIGHTON I,"116",STATEN ISLAND,WEST BRIGHTON I,"116",WEST BRIGHTON CONSOLIDATED,1377,487,2019-09-23,Daniel.Froehlich_NYCHA,2019-09-23,Daniel.Froehlich_NYCHA,de98ce66-88c0-4416-9458-67de801607a8,"1","1",SI-1,"2","2",
"35",BORINQUEN PLAZA I,"243",BROOKLYN,BORINQUEN PLAZA I,"243",BORINQUEN PLAZA CONSOLIDATED,1123,509,2019-09-23,Daniel.Froehlich_NYCHA,2019-09-23,Daniel.Froehlich_NYCHA,e644b1d9-3930-4fe8-8b94-9b0444bba1f8,"1","1",,"4","2",
"36",BORINQUEN PLAZA II,"271",BROOKLYN,BORINQUEN PLAZA I,"243",BORINQUEN PLAZA CONSOLIDATED,1123,425,2019-09-23,Daniel.Froehlich_NYCHA,2019-09-23,Daniel.Froehlich_NYCHA,f70f59d2-8770-4aed-8a0b-70b00c03834b,,,,"2",,
"37",BOSTON ROAD PLAZA,"189",BRONX,PELHAM PARKWAY,"039",PELHAM PARKWAY CONSOLIDATED,276,232,2019-09-23,Daniel.Froehlich_NYCHA,2019-09-23,Daniel.Froehlich_NYCHA,f2123f7a-3326-4bc8-a312-43f5217ed819,,,BX-1,"1",,
"38",BOSTON SECOR,"138",BRONX,BOSTON SECOR,"138",BOSTON SECOR CONSOLIDATED,1322,538,2019-09-23,Daniel.Froehlich_NYCHA,2019-09-23,Daniel.Froehlich_NYCHA,b05f8dc4-5081-4bf1-be46-7c0be73399e4,"1","1",BX-1,"3","2","1"
"41",BRACETTI PLAZA,"264",MANHATTAN,LOWER EAST SIDE CONSOLIDATED,"337",LOWER EAST SIDE CONSOLIDATED,257,108,2019-09-23,Daniel.Froehlich_NYCHA,2019-09-23,Daniel.Froehlich_NYCHA,496a1899-da6e-46fe-9ffa-9f34303015fb,,,MH-1,,,
"42",BREUKELEN,"056",BROOKLYN,BREUKELEN,"056",BREUKELEN,3476,1592,2019-09-23,Daniel.Froehlich_NYCHA,2019-09-23,Daniel.Froehlich_NYCHA,4d68f629-e59a-4467-ab8a-b8f2a1d2bc4f,"4","4",,"14","4","1"
"44",BRONX RIVER,"032",BRONX,BRONX RIVER,"032",BRONX RIVER CONSOLIDATED,2998,1245,2019-09-23,Daniel.Froehlich_NYCHA,2019-09-23,Daniel.Froehlich_NYCHA,47f9f7a8-8b18-43da-99c9-6cc74b8806c6,"1","1",BX-3,"3","3","1"
"45",BRONX RIVER ADDITION,"157",BRONX,BRONX RIVER,"032",BRONX RIVER CONSOLIDATED,241,226,2019-09-23,Daniel.Froehlich_NYCHA,2019-09-23,Daniel.Froehlich_NYCHA,15e682f2-05ac-4d02-97de-bd7ac602c192,,,BX-3,,,
"47",BROWNSVILLE,"016",BROOKLYN,BROWNSVILLE,"016",BROWNSVILLE,3166,1336,2019-09-23,Daniel.Froehlich_NYCHA,2019-09-23,Daniel.Froehlich_NYCHA,8da53002-58b4-4d18-8ce1-8e8e7c04c6b8,"1","1",,"9","3",
"48",BRYANT AVENUE-EAST 174TH STREET,"235",BRONX,BUILDING MANAGEMENT ASSOCIATES (PRIVATE - BX 1),"530",BUILDING MANAGEMENT ASSOCIATES CONSOLIDATED,135,72,2019-09-23,Daniel.Froehlich_NYCHA,2019-09-23,Daniel.Froehlich_NYCHA,efc0dd8b-b400-4744-9e10-ce928d6266e3,,,BX-3,,,
"49",BUSHWICK,"086",BROOKLYN,BUSHWICK,"086",BUSHWICK CONSOLIDATED,2843,1219,2019-09-23,Daniel.Froehlich_NYCHA,2019-09-23,Daniel.Froehlich_NYCHA,31e36ece-5047-4121-aa2e-e287752a0e78,"2","1",,"5","2","2"
"295",WEST BRIGHTON II,"175",STATEN ISLAND,WEST BRIGHTON I,"116",WEST BRIGHTON CONSOLIDATED,99,120,2019-09-23,Daniel.Froehlich_NYCHA,2019-09-23,Daniel.Froehlich_NYCHA,19b824f6-4906-4577-90ba-e3ad228bb2b1,,,SI-1,"3",,
"51",CAMPOS PLAZA II,"286",MANHATTAN,LOWER EAST SIDE CONSOLIDATED,"337",LOWER EAST SIDE CONSOLIDATED,508,224,2019-09-23,Daniel.Froehlich_NYCHA,2019-09-23,Daniel.Froehlich_NYCHA,0708e020-6461-4618-b2ba-0a985650b39d,,,MH-1,,,
"54",CARVER,"058",MANHATTAN,CARVER,"058",CARVER,2586,1244,2019-09-23,Daniel.Froehlich_NYCHA,2019-09-23,Daniel.Froehlich_NYCHA,75261bb4-1450-4393-9a86-e83b477b5fff,"2","1",,"7","3","1"
"55",CASSIDY-LAFAYETTE,"206",STATEN ISLAND,RICHMOND TERRACE,"117",RICHMOND TERRACE CONSOLIDATED,439,378,2019-09-23,Daniel.Froehlich_NYCHA,2019-09-23,Daniel.Froehlich_NYCHA,382079df-e805-4492-b972-9be23d4cf8ac,"1","1",SI-1,,"1","1"
"56",CASTLE HILL,"080",BRONX,CASTLE HILL,"080",CASTLE HILL,4880,2022,2019-09-23,Daniel.Froehlich_NYCHA,2019-09-23,Daniel.Froehlich_NYCHA,66681bc0-9cfa-4b5d-86ff-a1c2dd4f7c62,"4","2",BX-2,"7","4","3"
"59",CLAREMONT PARKWAY-FRANKLIN AVENUE,"334",BRONX,UNION AVENUE CONSOLIDATED,"342",UNION AVENUE CONSOLIDATED,279,187,2019-09-23,Daniel.Froehlich_NYCHA,2019-09-23,Daniel.Froehlich_NYCHA,ad1131ad-4af1-455b-81d7-4e27d331b53b,"1","1",BX-5,,"1",
"60",CLAREMONT REHAB (GROUP 2),"307",BRONX,CLAREMONT CONSOLIDATED,"308",CLAREMONT CONSOLIDATED,251,106,2019-09-23,Daniel.Froehlich_NYCHA,2019-09-23,Daniel.Froehlich_NYCHA,139ea6f5-9bb2-4548-8e29-04ad8b9c9c81,,,BX-5,,,
"61",CLAREMONT REHAB (GROUP 3),"308",BRONX,CLAREMONT CONSOLIDATED,"308",CLAREMONT CONSOLIDATED,263,107,2019-09-23,Daniel.Froehlich_NYCHA,2019-09-23,Daniel.Froehlich_NYCHA,834fee1b-effb-4b56-8788-1f6110b27612,,,BX-5,,,
"62",CLAREMONT REHAB (GROUP 4),"335",BRONX,CLAREMONT CONSOLIDATED,"308",CLAREMONT CONSOLIDATED,342,147,2019-09-23,Daniel.Froehlich_NYCHA,2019-09-23,Daniel.Froehlich_NYCHA,84911263-188e-470e-92f2-3791c2e2cef4,,,BX-5,,,
"64",CLASON POINT GARDENS,"011",BRONX,SACK WERN,"280",SACK WERN CONSOLIDATED,861,401,2019-09-23,Daniel.Froehlich_NYCHA,2019-09-23,Daniel.Froehlich_NYCHA,614fe5ef-27af-415d-9b30-25025e47dda9,,,BX-2,"11",,
"67",CONEY ISLAND,"094",BROOKLYN,SURFSIDE GARDENS,"170",SURFSIDE GARDENS CONSOLIDATED,1121,530,2019-09-23,Daniel.Froehlich_NYCHA,2019-09-23,Daniel.Froehlich_NYCHA,2763aae8-89fe-44e0-8b4e-edec266de441,,,BK-1,"4",,
"68",CONEY ISLAND I (SITE 1B),"239",BROOKLYN,CAREY GARDENS,"166",CAREY GARDENS CONSOLIDATED,512,192,2019-09-23,Daniel.Froehlich_NYCHA,2019-09-23,Daniel.Froehlich_NYCHA,531de3f4-7044-4fa2-88ca-d20c6f51663f,,,BK-1,"1",,
"70",CONEY ISLAND I (SITES 4 & 5),"216",BROOKLYN,SURFSIDE GARDENS,"170",SURFSIDE GARDENS CONSOLIDATED,1029,376,2019-09-23,Daniel.Froehlich_NYCHA,2019-09-23,Daniel.Froehlich_NYCHA,3953c794-e6c6-42f9-b135-c7a7bdb8d544,"1","1",BK-1,"1","1","1"
"76",DAVIDSON,"190",BRONX,UNION AVENUE CONSOLIDATED,"342",UNION AVENUE CONSOLIDATED,479,175,2019-09-23,Daniel.Froehlich_NYCHA,2019-09-23,Daniel.Froehlich_NYCHA,c620e60c-d6ad-4b09-847c-b79d67aacb13,,,BX-3,,,
"77",DE HOSTOS APARTMENTS,"155",MANHATTAN,WISE TOWERS,"127",WISE TOWERS CONSOLIDATED,453,219,2019-09-23,Daniel.Froehlich_NYCHA,2019-09-23,Daniel.Froehlich_NYCHA,f91cbf72-7ae0-4334-9287-effa9b0d54e5,,,,"1",,
"78",DOUGLASS ADDITION,"148",MANHATTAN,DOUGLASS,"082",DOUGLASS CONSOLIDATED,337,135,2019-09-23,Daniel.Froehlich_NYCHA,2019-09-23,Daniel.Froehlich_NYCHA,2f900ec2-39c5-4abb-a690-3ccb783cdea2,,,,"1",,
"79",DOUGLASS I,"082",MANHATTAN,DOUGLASS,"082",DOUGLASS CONSOLIDATED,2651,1302,2019-09-23,Daniel.Froehlich_NYCHA,2019-09-23,Daniel.Froehlich_NYCHA,beb3ac6a-d5a2-4150-9386-8eef0341dfbf,"1","1",,"3","3","1"
"80",DOUGLASS II,"582",MANHATTAN,DOUGLASS,"082",DOUGLASS CONSOLIDATED,1589,752,2019-09-23,Daniel.Froehlich_NYCHA,2019-09-23,Daniel.Froehlich_NYCHA,d18c3a79-52ed-44e5-a68f-7e8d93da0eb4,,,,"3",,
"81",DREW-HAMILTON,"111",MANHATTAN,DREW-HAMILTON,"111",DREW-HAMILTON CONSOLIDATED,2800,1211,2019-09-23,Daniel.Froehlich_NYCHA,2019-09-23,Daniel.Froehlich_NYCHA,b9ec20e8-74da-48c4-b959-e751b02f07b3,"1","1",MH-2,"5","2","1"
"82",DYCKMAN,"041",MANHATTAN,DYCKMAN,"041",DYCKMAN,2270,1167,2019-09-23,Daniel.Froehlich_NYCHA,2019-09-23,Daniel.Froehlich_NYCHA,f49771d7-561f-47dd-af67-8efde304ee1d,"2","1",MH-2,"4","2","1"
"83",EAGLE AVENUE-EAST 163RD STREET,"224",BRONX,FOREST,"059",FOREST,125,65,2019-09-23,Daniel.Froehlich_NYCHA,2019-09-23,Daniel.Froehlich_NYCHA,5115330e-381b-4fae-a47a-38931fa99e7a,,,BX-3,,,
"85",EAST 165TH STREET-BRYANT AVENUE,"304",BRONX,BUILDING MANAGEMENT ASSOCIATES (PRIVATE - BX 1),"530",BUILDING MANAGEMENT ASSOCIATES CONSOLIDATED,362,111,2019-09-23,Daniel.Froehlich_NYCHA,2019-09-23,Daniel.Froehlich_NYCHA,a3038f0b-2947-47d4-b78e-e2e76a68b2bb,,,BX-3,,,
"86",EAST 173RD STREET-VYSE AVENUE,"338",BRONX,BUILDING MANAGEMENT ASSOCIATES (PRIVATE - BX 1),"530",BUILDING MANAGEMENT ASSOCIATES CONSOLIDATED,403,168,2019-09-23,Daniel.Froehlich_NYCHA,2019-09-23,Daniel.Froehlich_NYCHA,1714cd58-2e15-4293-a368-ba9b8a47e130,,,BX-3,,,
"89",EAST RIVER,"009",MANHATTAN,EAST RIVER,"009",EAST RIVER CONSOLIDATED,2284,1156,2019-09-23,Daniel.Froehlich_NYCHA,2019-09-23,Daniel.Froehlich_NYCHA,291bb5f2-35be-4d9c-b315-6a99975adb08,"2","1",,"4","2","1"
"91",EDENWALD,"057",BRONX,EDENWALD,"057",EDENWALD,4852,2035,2019-09-23,Daniel.Froehlich_NYCHA,2019-09-23,Daniel.Froehlich_NYCHA,a5678953-8b61-4ffc-826f-69be281769d8,"6","5",BX-1,"13","5","1"
"94",FENIMORE-LEFFERTS,"205",BROOKLYN,REID APARTMENTS,"167",REID APARTMENTS CONSOLIDATED,98,36,2019-09-23,Daniel.Froehlich_NYCHA,2019-09-23,Daniel.Froehlich_NYCHA,edd32af6-1b88-40fc-96b3-3c919c342197,,,,"1",,
"95",FHA REPOSSESSED HOUSES (GROUP I),"209",,BAISLEY PARK,"091",BAISLEY PARK CONSOLIDATED,35,21,2019-09-23,Daniel.Froehlich_NYCHA,2019-09-23,Daniel.Froehlich_NYCHA,c778e4bf-33d0-46fa-ab78-a1d61e266ade,,,,,,
"296",WEST FARMS ROAD REHAB,"360",BRONX,BUILDING MANAGEMENT ASSOCIATES (PRIVATE - BX 1),"530",BUILDING MANAGEMENT ASSOCIATES CONSOLIDATED,437,208,2019-09-23,Daniel.Froehlich_NYCHA,2019-09-23,Daniel.Froehlich_NYCHA,4e47c6f3-b3c3-4d23-9097-ce5fa5a56718,,,BX-3,,,
"96",FHA REPOSSESSED HOUSES (GROUP II),"212",,BAISLEY PARK,"091",BAISLEY PARK CONSOLIDATED,25,10,2019-09-23,Daniel.Froehlich_NYCHA,2019-09-23,Daniel.Froehlich_NYCHA,a66822c4-a14a-42b8-8222-fa2ff600dccb,,,BX-2,,,
"97",FHA REPOSSESSED HOUSES (GROUP III),"213",,BAISLEY PARK,"091",BAISLEY PARK CONSOLIDATED,20,11,2019-09-23,Daniel.Froehlich_NYCHA,2019-09-23,Daniel.Froehlich_NYCHA,c8d9af70-b7de-43dc-a24c-ce9d39bea845,,,BX-1,,,
"99",FHA REPOSSESSED HOUSES (GROUP IX),"283",,BAISLEY PARK,"091",BAISLEY PARK CONSOLIDATED,31,16,2019-09-23,Daniel.Froehlich_NYCHA,2019-09-23,Daniel.Froehlich_NYCHA,cdc8db26-a336-45f2-a725-b254bb97105d,,,,,,
"100",FHA REPOSSESSED HOUSES (GROUP V),"260",,BAISLEY PARK,"091",BAISLEY PARK CONSOLIDATED,65,29,2019-09-23,Daniel.Froehlich_NYCHA,2019-09-23,Daniel.Froehlich_NYCHA,e0e28986-cf98-40d8-9ac9-1fd2630a7dbd,,,,,,
"101",FHA REPOSSESSED HOUSES (GROUP VI),"273",,BAISLEY PARK,"091",BAISLEY PARK CONSOLIDATED,11,6,2019-09-23,Daniel.Froehlich_NYCHA,2019-09-23,Daniel.Froehlich_NYCHA,4ce161b1-b6ff-4feb-85c9-37e5c3567c52,,,,,,
"102",FHA REPOSSESSED HOUSES (GROUP VII),"274",,BAISLEY PARK,"091",BAISLEY PARK CONSOLIDATED,9,5,2019-09-23,Daniel.Froehlich_NYCHA,2019-09-23,Daniel.Froehlich_NYCHA,af01bed8-4aa3-4a0e-8bf0-cb48c06d99dd,,,,,,
"103",FHA REPOSSESSED HOUSES (GROUP VIII),"275",,BAISLEY PARK,"091",BAISLEY PARK CONSOLIDATED,16,5,2019-09-23,Daniel.Froehlich_NYCHA,2019-09-23,Daniel.Froehlich_NYCHA,93e17f0d-0d91-4260-98ee-1a9abbc165f2,,,,,,
"104",FHA REPOSSESSED HOUSES (GROUP X),"284",,BAISLEY PARK,"091",BAISLEY PARK CONSOLIDATED,37,16,2019-09-23,Daniel.Froehlich_NYCHA,2019-09-23,Daniel.Froehlich_NYCHA,e5ecb063-08f6-4280-b738-1f1ea40d1f1b,,,,,,
"105",FIORENTINO PLAZA,"207",BROOKLYN,UNITY PLAZA,"261",UNITY PLAZA CONSOLIDATED,443,158,2019-09-23,Daniel.Froehlich_NYCHA,2019-09-23,Daniel.Froehlich_NYCHA,5a1a75f1-cdaa-49fc-ad6a-bdba40c5c469,,,,"3",,
"106",FIRST HOUSES,"001",MANHATTAN,LOWER EAST SIDE CONSOLIDATED,"337",LOWER EAST SIDE CONSOLIDATED,178,126,2019-09-23,Daniel.Froehlich_NYCHA,2019-09-23,Daniel.Froehlich_NYCHA,61230949-672f-4a9a-9dec-fa880f166c04,,,MH-1,,,
"107",FOREST,"059",BRONX,FOREST,"059",FOREST,3002,1348,2019-09-23,Daniel.Froehlich_NYCHA,2019-09-23,Daniel.Froehlich_NYCHA,d7b09430-0629-4f03-9830-453260b70189,"2","1",BX-3,"5","3","1"
"108",FORT INDEPENDENCE STREET-HEATH AVENUE,"197",BRONX,FORT INDEPENDENCE,"197",FORT INDEPENDENCE CONSOLIDATED,733,342,2019-09-23,Daniel.Froehlich_NYCHA,2019-09-23,Daniel.Froehlich_NYCHA,bd490787-a6a3-4064-8721-acedb02f14b9,"2","1",BX-5,"1","2","1"
"110",FULTON,"136",MANHATTAN,FULTON,"136",FULTON,2166,944,2019-09-23,Daniel.Froehlich_NYCHA,2019-09-23,Daniel.Froehlich_NYCHA,f3de91e1-7b4e-464d-82bd-faa157a15c50,"1","1",,"4","2","1"
"112",GLEBE AVENUE-WESTCHESTER AVENUE,"225",BRONX,SOTOMAYOR HOUSES,"067",SOTOMAYOR HOUSES CONSOLIDATED,143,131,2019-09-23,Daniel.Froehlich_NYCHA,2019-09-23,Daniel.Froehlich_NYCHA,be6f2a6e-7d13-4efe-8a40-b81f1640b904,,,BX-2,,,
"113",GLENMORE PLAZA,"171",BROOKLYN,LOW HOUSES,"169",SETH LOW CONSOLIDATED,823,439,2019-09-23,Daniel.Froehlich_NYCHA,2019-09-23,Daniel.Froehlich_NYCHA,33c03dbf-6ce4-4197-8e0e-a7e6a81533e0,,,,"1",,
"114",GLENWOOD,"044",BROOKLYN,GLENWOOD,"044",GLENWOOD,2512,1186,2019-09-23,Daniel.Froehlich_NYCHA,2019-09-23,Daniel.Froehlich_NYCHA,f58f7559-0eb3-4329-b5af-a072b1bbdee0,"1","1",,"6","3","1"
"118",GRANT,"087",MANHATTAN,GRANT,"087",GRANT,4282,1939,2019-09-23,Daniel.Froehlich_NYCHA,2019-09-23,Daniel.Froehlich_NYCHA,bc7e9950-dac2-40ce-a663-9cc86295700e,"3","2",,,"4","1"
"119",GRAVESEND,"068",BROOKLYN,O'DWYER GARDENS,"172",O'DWYER GARDENS CONSOLIDATED,1463,627,2019-09-23,Daniel.Froehlich_NYCHA,2019-09-23,Daniel.Froehlich_NYCHA,91b62a27-2900-4f42-9b1e-ecf1b348fabb,"1",,BK-1,"4",,"1"
"297",WEST FARMS SQUARE CONVENTIONAL,"526",BRONX,BUILDING MANAGEMENT ASSOCIATES (PRIVATE - BX 1),"530",BUILDING MANAGEMENT ASSOCIATES CONSOLIDATED,50,20,2019-09-23,Daniel.Froehlich_NYCHA,2019-09-23,Daniel.Froehlich_NYCHA,b4912aa0-4378-426e-a6c7-a2712e2039df,,,BX-3,,,
"121",HABER,"142",BROOKLYN,CAREY GARDENS,"166",CAREY GARDENS CONSOLIDATED,442,380,2019-09-23,Daniel.Froehlich_NYCHA,2019-09-23,Daniel.Froehlich_NYCHA,d7afe018-7b7f-445d-a494-894b7b0a0d25,,,BK-1,"3",,
"122",HAMMEL,"075",QUEENS,HAMMEL,"075",HAMMEL CONSOLIDATED,1790,710,2019-09-23,Daniel.Froehlich_NYCHA,2019-09-23,Daniel.Froehlich_NYCHA,7df2604e-d527-48f3-8569-ca7fa4631681,"1","1",,"6","2","1"
"123",HARBORVIEW TERRACE,"262",MANHATTAN,AMSTERDAM,"022",AMSTERDAM CONSOLIDATED,648,377,2019-09-23,Daniel.Froehlich_NYCHA,2019-09-23,Daniel.Froehlich_NYCHA,d0fe5daa-499a-444c-8292-2e740a524046,"1","1",,"2","1","1"
"127",HARRISON AVENUE REHAB (GROUP B),"547",BRONX,KRAUS MANAGEMENT (PRIVATE - BX 3),"341",KRAUS MANAGEMENT CONSOLIDATED,326,150,2019-09-23,Daniel.Froehlich_NYCHA,2019-09-23,Daniel.Froehlich_NYCHA,eddcea54-d054-4cb7-85ea-e25675a066fc,,,BX-5,,,
"128",HERNANDEZ,"184",MANHATTAN,GOMPERS,"100",GOMPERS CONSOLIDATED,260,149,2019-09-23,Daniel.Froehlich_NYCHA,2019-09-23,Daniel.Froehlich_NYCHA,33f96397-8c1a-4870-9b6f-564278f6995e,,,MH-1,"1",,
"215",REDFERN,"055",QUEENS,REDFERN,"055",REDFERN,1573,599,2019-09-23,Daniel.Froehlich_NYCHA,2019-09-23,Daniel.Froehlich_NYCHA,62e23a2b-1a7c-4c0b-a7f7-3e27e91c1d99,"1","1",,"4","2","2"
"129",HIGHBRIDGE GARDENS,"078",BRONX,HIGHBRIDGE GARDENS,"078",HIGHBRIDGE GARDENS,1601,700,2019-09-23,Daniel.Froehlich_NYCHA,2019-09-23,Daniel.Froehlich_NYCHA,4d9e321c-27ac-4a11-a989-4c616723dc2e,"3","2",BX-5,,"2","1"
"130",HOE AVENUE-EAST 173RD STREET,"215",BRONX,BUILDING MANAGEMENT ASSOCIATES (PRIVATE - BX 1),"530",BUILDING MANAGEMENT ASSOCIATES CONSOLIDATED,144,65,2019-09-23,Daniel.Froehlich_NYCHA,2019-09-23,Daniel.Froehlich_NYCHA,82d27cb9-c727-4d23-82dd-551b38cee6d4,,,BX-3,,,
"133",HOWARD AVENUE,"339",BROOKLYN,PARK ROCK CONSOLIDATED,"351",PARK ROCK CONSOLIDATED,373,148,2019-09-23,Daniel.Froehlich_NYCHA,2019-09-23,Daniel.Froehlich_NYCHA,46b0984d-600b-4c11-9657-3ccbade2bd76,,,,"3",,
"134",HOWARD AVENUE-PARK PLACE,"365",BROOKLYN,PARK ROCK CONSOLIDATED,"351",PARK ROCK CONSOLIDATED,449,155,2019-09-23,Daniel.Froehlich_NYCHA,2019-09-23,Daniel.Froehlich_NYCHA,ea18c332-e9e9-46df-b7b3-4b72c1b670e9,,,,"7",,
"136",HUNTS POINT AVENUE REHAB,"367",BRONX,BUILDING MANAGEMENT ASSOCIATES (PRIVATE - BX 1),"530",BUILDING MANAGEMENT ASSOCIATES CONSOLIDATED,314,131,2019-09-23,Daniel.Froehlich_NYCHA,2019-09-23,Daniel.Froehlich_NYCHA,51b21c82-f896-4522-930b-1e82f24d371a,,,BX-3,,,
"137",HYLAN,"109",BROOKLYN,BUSHWICK,"086",BUSHWICK CONSOLIDATED,456,209,2019-09-23,Daniel.Froehlich_NYCHA,2019-09-23,Daniel.Froehlich_NYCHA,dd9ef718-4109-48f4-affc-31bec1984686,,,,"1",,
"138",INDEPENDENCE,"140",BROOKLYN,TAYLOR STREET-WYTHE AVENUE,"234",TAYLOR -WYTHE  CONSOLIDATED,1714,741,2019-09-23,Daniel.Froehlich_NYCHA,2019-09-23,Daniel.Froehlich_NYCHA,f851b92d-4b1b-4750-ab25-fa049e69a8b3,,,,"4",,
"139",INGERSOLL,"014",BROOKLYN,INGERSOLL,"014",INGERSOLL,4198,1830,2019-09-23,Daniel.Froehlich_NYCHA,2019-09-23,Daniel.Froehlich_NYCHA,dade5976-8a27-4634-94d8-7c99dc401e71,"3","2",,"8","3",
"141",ISAACS,"139",MANHATTAN,ISAACS,"139",ISAACS CONSOLIDATED,1250,634,2019-09-23,Daniel.Froehlich_NYCHA,2019-09-23,Daniel.Froehlich_NYCHA,6dd3cf5d-914b-45aa-a69c-373a251f8c4b,"1","1",,"2","1","1"
"142",JACKSON,"120",BRONX,MORRISANIA AIR RIGHTS,"267",MORRISANIA AIR RIGHTS CONSOLIDATED,2203,868,2019-09-23,Daniel.Froehlich_NYCHA,2019-09-23,Daniel.Froehlich_NYCHA,9bc91052-4647-426b-8215-cf963962981e,"1","1",BX-4,"4","2","1"
"143",JEFFERSON,"064",MANHATTAN,JEFFERSON,"064",JEFFERSON CONSOLIDATED,3314,1486,2019-09-23,Daniel.Froehlich_NYCHA,2019-09-23,Daniel.Froehlich_NYCHA,0714cc66-119d-4e5a-abd5-f5dda3b39d45,"3","2",,"8","4","1"
"144",JOHNSON,"017",MANHATTAN,JOHNSON,"017",JOHNSON,3076,1296,2019-09-23,Daniel.Froehlich_NYCHA,2019-09-23,Daniel.Froehlich_NYCHA,be2e408d-e194-4efa-9820-c54b0d36f00f,"1","1",,"4","2",
"145",KING TOWERS,"030",MANHATTAN,KING TOWERS,"030",KING TOWERS CONSOLIDATED,3013,1377,2019-09-23,Daniel.Froehlich_NYCHA,2019-09-23,Daniel.Froehlich_NYCHA,6d96ab0b-0eac-47fa-8387-054e441c2e7f,"2","1",,"4","2","1"
"146",KINGSBOROUGH,"010",BROOKLYN,KINGSBOROUGH,"010",KINGSBOROUGH CONSOLIDATED,2408,1154,2019-09-23,Daniel.Froehlich_NYCHA,2019-09-23,Daniel.Froehlich_NYCHA,7d6cb510-b41c-43eb-817b-ae204f779b45,,,,"6",,
"147",KINGSBOROUGH EXTENSION,"161",BROOKLYN,KINGSBOROUGH,"010",KINGSBOROUGH CONSOLIDATED,203,182,2019-09-23,Daniel.Froehlich_NYCHA,2019-09-23,Daniel.Froehlich_NYCHA,097b6fac-37b2-49ed-9068-1a752347e27d,,,,"1",,
"148",LA GUARDIA,"076",MANHATTAN,LA GUARDIA,"076",LA GUARDIA CONSOLIDATED,2458,1091,2019-09-23,Daniel.Froehlich_NYCHA,2019-09-23,Daniel.Froehlich_NYCHA,c96986a9-b1c0-495c-ad23-e36379b465b1,"1","1",,"3","2","1"
"153",LEHMAN VILLAGE,"101",MANHATTAN,LEHMAN VILLAGE,"101",LEHMAN VILLAGE,1477,617,2019-09-23,Daniel.Froehlich_NYCHA,2019-09-23,Daniel.Froehlich_NYCHA,e73eed45-765f-4363-ba78-c225e44d289a,"2","2",,"2","2","1"
"154",LENOX ROAD-ROCKAWAY PARKWAY,"348",BROOKLYN,REID APARTMENTS,"167",REID APARTMENTS CONSOLIDATED,166,74,2019-09-23,Daniel.Froehlich_NYCHA,2019-09-23,Daniel.Froehlich_NYCHA,b29956df-a6be-4bb2-b446-75ba994ea97a,,,,,,
"155",LEXINGTON,"050",MANHATTAN,WASHINGTON,"062",WASHINGTON CONSOLIDATED,817,448,2019-09-23,Daniel.Froehlich_NYCHA,2019-09-23,Daniel.Froehlich_NYCHA,234eb129-5c45-4799-97fd-513cff62a378,"1","1",,"2","1",
"156",LINCOLN,"020",MANHATTAN,LINCOLN,"020",LINCOLN,2986,1280,2019-09-23,Daniel.Froehlich_NYCHA,2019-09-23,Daniel.Froehlich_NYCHA,ab723273-7e63-4675-8a19-5033093219ee,"2","2",,"5","2","1"
"157",LINDEN,"095",BROOKLYN,LINDEN,"095",LINDEN,3611,1586,2019-09-23,Daniel.Froehlich_NYCHA,2019-09-23,Daniel.Froehlich_NYCHA,c72a2284-0c46-409a-b102-981175105784,"3","2",,"9","3","3"
"298",WEST TREMONT AVENUE-SEDGWICK AVENUE AREA,"246",BRONX,SEDGWICK,"045",SEDGWICK CONSOLIDATED,159,148,2019-09-23,Daniel.Froehlich_NYCHA,2019-09-23,Daniel.Froehlich_NYCHA,b4aed8ef-7310-4865-ade8-ffacfb05c2b3,,,BX-5,"1",,
"299",WHITE,"124",MANHATTAN,WILSON,"112",WILSON,270,246,2019-09-23,Daniel.Froehlich_NYCHA,2019-09-23,Daniel.Froehlich_NYCHA,86ca0a4d-c851-4ff3-9400-a000e6780e8d,,,,,,
"158",LONG ISLAND BAPTIST HOUSES,"276",BROOKLYN,UNITY PLAZA,"261",UNITY PLAZA CONSOLIDATED,526,229,2019-09-23,Daniel.Froehlich_NYCHA,2019-09-23,Daniel.Froehlich_NYCHA,e4a2f5c8-9742-475f-a9f7-6f5bdf0bcf10,,,,"3",,
"161",LOWER EAST SIDE I INFILL,"326",MANHATTAN,GOMPERS,"100",GOMPERS CONSOLIDATED,361,189,2019-09-23,Daniel.Froehlich_NYCHA,2019-09-23,Daniel.Froehlich_NYCHA,5be08dc0-e402-425d-bea0-386106d683ff,,,MH-1,"2",,
"162",LOWER EAST SIDE II,"337",MANHATTAN,LOWER EAST SIDE CONSOLIDATED,"337",LOWER EAST SIDE CONSOLIDATED,433,188,2019-09-23,Daniel.Froehlich_NYCHA,2019-09-23,Daniel.Froehlich_NYCHA,964df942-887c-46c5-8831-91e25877157b,,,MH-1,,,
"163",LOWER EAST SIDE III,"364",MANHATTAN,KRAUS MANAGEMENT (PRIVATE - M/B 1),"359",KRAUS MANAGEMENT CONSOLIDATED,173,56,2019-09-23,Daniel.Froehlich_NYCHA,2019-09-23,Daniel.Froehlich_NYCHA,acacf078-c54d-4498-9125-a4ab4c62b335,,,MH-1,,,
"164",LOWER EAST SIDE REHAB (GROUP 5),"292",MANHATTAN,LOWER EAST SIDE CONSOLIDATED,"337",LOWER EAST SIDE CONSOLIDATED,119,55,2019-09-23,Daniel.Froehlich_NYCHA,2019-09-23,Daniel.Froehlich_NYCHA,d8144bcc-3d16-4add-973c-659abad168b2,,,MH-1,,,
"166",MANHATTANVILLE REHAB (GROUP 2),"296",MANHATTAN,MANHATTANVILLE,"081",MANHATTANVILLE CONSOLIDATED,87,46,2019-09-23,Daniel.Froehlich_NYCHA,2019-09-23,Daniel.Froehlich_NYCHA,b58ab9f2-581d-410e-9d40-f82c9ea65056,,,,,,
"167",MANHATTANVILLE REHAB (GROUP 3),"297",MANHATTAN,MANHATTANVILLE,"081",MANHATTANVILLE CONSOLIDATED,115,51,2019-09-23,Daniel.Froehlich_NYCHA,2019-09-23,Daniel.Froehlich_NYCHA,88c4208f-b205-4c8e-a08f-8dc98b72639e,,,,,,
"169",MARCY,"021",BROOKLYN,MARCY,"021",MARCY,4147,1716,2019-09-23,Daniel.Froehlich_NYCHA,2019-09-23,Daniel.Froehlich_NYCHA,da7e7528-3ae5-436e-bafc-37e1527fca3a,"1","1",,"4","3",
"170",MARCY AVENUE-GREENE AVENUE SITE A,"363",BROOKLYN,KRAUS MANAGEMENT (PRIVATE - M/B 1),"359",KRAUS MANAGEMENT CONSOLIDATED,123,48,2019-09-23,Daniel.Froehlich_NYCHA,2019-09-23,Daniel.Froehlich_NYCHA,7bc62f01-7d81-4aff-8136-74d605f6e478,,,,,,
"171",MARCY AVENUE-GREENE AVENUE SITE B,"358",BROOKLYN,KRAUS MANAGEMENT (PRIVATE - M/B 1),"359",KRAUS MANAGEMENT CONSOLIDATED,76,30,2019-09-23,Daniel.Froehlich_NYCHA,2019-09-23,Daniel.Froehlich_NYCHA,ab889535-335f-48ed-b52b-b37d7e3d3435,,,,,,
"172",MARINER'S HARBOR,"077",STATEN ISLAND,MARINER'S HARBOR,"077",MARINER'S HARBOR,1515,606,2019-09-23,Daniel.Froehlich_NYCHA,2019-09-23,Daniel.Froehlich_NYCHA,019e5105-2e7c-4fc7-a966-60635e51648f,"2","2",SI-1,"7","2","1"
"173",MARLBORO,"083",BROOKLYN,MARLBORO,"083",MARLBORO,4112,1764,2019-09-23,Daniel.Froehlich_NYCHA,2019-09-23,Daniel.Froehlich_NYCHA,28e477aa-6136-485c-b116-51a6e797245f,"1","1",BK-1,"11","4",
"174",MARSHALL PLAZA,"344",MANHATTAN,HARLEM RIVER,"003",HARLEM RIVER CONSOLIDATED,207,180,2019-09-23,Daniel.Froehlich_NYCHA,2019-09-23,Daniel.Froehlich_NYCHA,627c7093-f6e9-4014-abbf-9ec7da8f7cb5,,,MH-2,,,
"175",MCKINLEY,"103",BRONX,FOREST,"059",FOREST,1441,615,2019-09-23,Daniel.Froehlich_NYCHA,2019-09-23,Daniel.Froehlich_NYCHA,62016647-e34f-4e30-8938-e4c36558b239,"2","1",BX-3,"3","2","1"
"176",MELROSE,"028",BRONX,MELROSE,"028",MELROSE CONSOLIDATED,2418,1021,2019-09-23,Daniel.Froehlich_NYCHA,2019-09-23,Daniel.Froehlich_NYCHA,74ab2425-28c1-42b4-939b-1ec32bc1c646,"3","1",BX-4,"3","2","2"
"177",MELTZER TOWER,"183",MANHATTAN,GOMPERS,"100",GOMPERS CONSOLIDATED,247,229,2019-09-23,Daniel.Froehlich_NYCHA,2019-09-23,Daniel.Froehlich_NYCHA,6010de70-f2fd-4c9a-9b11-f1c488414628,,,MH-1,"1",,
"179",MIDDLETOWN PLAZA,"191",BRONX,EASTCHESTER GARDENS,"034",EASTCHESTER GARDENS CONSOLIDATED,192,177,2019-09-23,Daniel.Froehlich_NYCHA,2019-09-23,Daniel.Froehlich_NYCHA,c24ebfc2-dd5b-4fd7-9ece-2dad4b0d8962,,,BX-1,,,
"180",MILL BROOK,"084",BRONX,MILL BROOK,"084",MILL BROOK CONSOLIDATED,2814,1251,2019-09-23,Daniel.Froehlich_NYCHA,2019-09-23,Daniel.Froehlich_NYCHA,f6fdc723-b1b6-479a-a422-66297dbdcca7,"2","2",BX-4,"5","3","1"
"182",MITCHEL,"145",BRONX,MITCHEL,"145",MITCHEL CONSOLIDATED,4010,1732,2019-09-23,Daniel.Froehlich_NYCHA,2019-09-23,Daniel.Froehlich_NYCHA,22b2c72a-f76b-4c3f-8088-4eb39ebf862e,"4","2",BX-4,"4","4","3"
"183",MONROE,"088",BRONX,MONROE,"088",MONROE,2691,1100,2019-09-23,Daniel.Froehlich_NYCHA,2019-09-23,Daniel.Froehlich_NYCHA,1e1ee318-cadc-4af1-9ff5-6e24cdfe9d53,"1","1",BX-2,"4","2","1"
"189",MORRISANIA AIR RIGHTS,"267",BRONX,MORRISANIA AIR RIGHTS,"267",MORRISANIA AIR RIGHTS CONSOLIDATED,1681,841,2019-09-23,Daniel.Froehlich_NYCHA,2019-09-23,Daniel.Froehlich_NYCHA,228db3cd-1371-4559-9f43-f21e64c390cc,"3","1",BX-4,,"2","3"
"191",NEW LANE AREA,"314",STATEN ISLAND,SOUTH BEACH,"035",SOUTH BEACH CONSOLIDATED,348,276,2019-09-23,Daniel.Froehlich_NYCHA,2019-09-23,Daniel.Froehlich_NYCHA,14555a49-166c-427d-8831-3d7cb81027fe,,,SI-1,,,
"193",O'DWYER GARDENS,"172",BROOKLYN,O'DWYER GARDENS,"172",O'DWYER GARDENS CONSOLIDATED,947,570,2019-09-23,Daniel.Froehlich_NYCHA,2019-09-23,Daniel.Froehlich_NYCHA,b16da8e0-813f-4cda-9f5b-b6f70ba5c77b,"1",,BK-1,"2",,"1"
"300",WHITMAN,"514",BROOKLYN,WHITMAN,"514",WHITMAN,3866,1651,2019-09-23,Daniel.Froehlich_NYCHA,2019-09-23,Daniel.Froehlich_NYCHA,d50ef2a4-c191-4701-9269-5fb6f598da7c,"3","1",,"6","3","3"
"194",OCEAN BAY APARTMENTS (OCEANSIDE),"051",QUEENS,BEACH 41ST STREET-BEACH CHANNEL DRIVE,"165",BEACH 41ST STREET-BEACH CHANNEL DRIVE,837,417,2019-09-23,Daniel.Froehlich_NYCHA,2019-09-23,Daniel.Froehlich_NYCHA,741e475f-700e-4dfd-b5f6-5251e6ba325f,,,,"3",,
"195",OCEAN HILL-BROWNSVILLE,"313",BROOKLYN,PARK ROCK CONSOLIDATED,"351",PARK ROCK CONSOLIDATED,304,125,2019-09-23,Daniel.Froehlich_NYCHA,2019-09-23,Daniel.Froehlich_NYCHA,4faec97a-8999-4d73-912e-6bfa73aefb7b,,,,,,
"197","PARK AVENUE-EAST 122ND, 123RD STREETS","204",MANHATTAN,ROBINSON,"241",JACKIE ROBINSON CONSOLIDATED,205,90,2019-09-23,Daniel.Froehlich_NYCHA,2019-09-23,Daniel.Froehlich_NYCHA,f6699b98-a724-46ab-ac15-1881c4a1145f,,,,"1",,
"198",PARK ROCK REHAB,"351",BROOKLYN,PARK ROCK CONSOLIDATED,"351",PARK ROCK CONSOLIDATED,319,134,2019-09-23,Daniel.Froehlich_NYCHA,2019-09-23,Daniel.Froehlich_NYCHA,aa7892df-c09f-4c6b-af10-9d8d5104557f,,,,,,
"199",PARKSIDE,"047",BRONX,PARKSIDE,"047",PARKSIDE,1734,879,2019-09-23,Daniel.Froehlich_NYCHA,2019-09-23,Daniel.Froehlich_NYCHA,1d4ee538-af39-4b35-9af7-0f96288fa477,"2","1",BX-1,"9","2","1"
"200",PATTERSON,"024",BRONX,PATTERSON,"024",PATTERSON,4194,1789,2019-09-23,Daniel.Froehlich_NYCHA,2019-09-23,Daniel.Froehlich_NYCHA,78de4395-bac7-484c-b29c-499f21d819cc,"2","2",BX-4,"6","4","2"
"201",PELHAM PARKWAY,"039",BRONX,PELHAM PARKWAY,"039",PELHAM PARKWAY CONSOLIDATED,2472,1265,2019-09-23,Daniel.Froehlich_NYCHA,2019-09-23,Daniel.Froehlich_NYCHA,7b0c446d-6881-4faf-a204-d196732c2526,"2","2",BX-1,"8","3","1"
"202",PENNSYLVANIA AVENUE-WORTMAN AVENUE,"194",BROOKLYN,PENNSYLVANIA-WORTMAN,"194",PENNSYLVANIA AVENUE-WORTMAN AVENUE CONSOLIDATED,627,336,2019-09-23,Daniel.Froehlich_NYCHA,2019-09-23,Daniel.Froehlich_NYCHA,e3937cb9-0afa-4e0d-8756-96004be16bca,"1","1",,"2","1","1"
"203",PINK,"089",BROOKLYN,PINK,"089",PINK,3651,1500,2019-09-23,Daniel.Froehlich_NYCHA,2019-09-23,Daniel.Froehlich_NYCHA,60a53f09-674c-4345-9053-243644f1f5b6,"2","1",,"7","4","3"
"204",POLO GROUNDS TOWERS,"149",MANHATTAN,POLO GROUNDS TOWERS,"149",POLO GROUNDS TOWERS,3941,1614,2019-09-23,Daniel.Froehlich_NYCHA,2019-09-23,Daniel.Froehlich_NYCHA,58d98cde-6099-4015-b35c-5aee38ba5f04,"2","1",MH-2,"4","3","1"
"206",PUBLIC SCHOOL 139 (CONVERSION),"340",MANHATTAN,DREW-HAMILTON,"111",DREW-HAMILTON CONSOLIDATED,140,125,2019-09-23,Daniel.Froehlich_NYCHA,2019-09-23,Daniel.Froehlich_NYCHA,8952e66a-89c2-4455-abe4-b0bac4b73c71,,,MH-2,"1",,
"15",ALBANY II,"085",BROOKLYN,ALBANY,"031",ALBANY CONSOLIDATED,985,400,2019-09-23,Daniel.Froehlich_NYCHA,2019-09-23,Daniel.Froehlich_NYCHA,ff03dc6b-beb0-4c32-82b9-79255179f641,"2","2",,"2","2","2"
"208",QUEENSBRIDGE SOUTH,"005",QUEENS,QUEENSBRIDGE SOUTH,"005",QUEENSBRIDGE SOUTH,3284,1603,2019-09-23,Daniel.Froehlich_NYCHA,2019-09-23,Daniel.Froehlich_NYCHA,e6cd27a9-7dbc-4156-89e3-6aac2ec7ae6a,"1","1",,"12","6",
"209",RALPH AVENUE REHAB,"352",BROOKLYN,REID APARTMENTS,"167",REID APARTMENTS CONSOLIDATED,284,118,2019-09-23,Daniel.Froehlich_NYCHA,2019-09-23,Daniel.Froehlich_NYCHA,91d63f89-d3f6-4519-b14a-07ab8224c145,,,,"1",,
"210",RANDALL AVENUE-BALCOM AVENUE,"245",BRONX,THROGGS NECK,"063",THROGGS NECK CONSOLIDATED,276,251,2019-09-23,Daniel.Froehlich_NYCHA,2019-09-23,Daniel.Froehlich_NYCHA,2cf10819-ee43-4d98-9dff-cc5a28661ede,"1","1",BX-2,"3","1","1"
"211",RANGEL,"037",MANHATTAN,RANGEL,"037",RANGEL,2141,982,2019-09-23,Daniel.Froehlich_NYCHA,2019-09-23,Daniel.Froehlich_NYCHA,6d435524-9a29-441d-a04a-20be7a9a0e67,"1","1",MH-2,"3","3","1"
"212",RAVENSWOOD,"048",QUEENS,RAVENSWOOD,"048",RAVENSWOOD,4278,2164,2019-09-23,Daniel.Froehlich_NYCHA,2019-09-23,Daniel.Froehlich_NYCHA,155466d4-801b-4ae2-8b75-4ee357942913,"2","2",,"22","4","1"
"216",REHAB PROGRAM (COLLEGE POINT),"143",QUEENS,LATIMER GARDENS,"186",LATIMER GARDENS CONSOLIDATED,13,13,2019-09-23,Daniel.Froehlich_NYCHA,2019-09-23,Daniel.Froehlich_NYCHA,8ec9f2e3-080f-497a-8a9b-2e39b91aeec5,,,,,,
"217",REHAB PROGRAM (DOUGLASS REHABS),"515",MANHATTAN,KRAUS MANAGEMENT (PRIVATE - M/B 1),"359",KRAUS MANAGEMENT CONSOLIDATED,182,112,2019-09-23,Daniel.Froehlich_NYCHA,2019-09-23,Daniel.Froehlich_NYCHA,a5d4f84c-4f31-4a77-85b7-3be2d2a4bb9c,,,,,,
"218",REHAB PROGRAM (TAFT REHABS),"516",MANHATTAN,KRAUS MANAGEMENT (PRIVATE - M/B 1),"359",KRAUS MANAGEMENT CONSOLIDATED,290,156,2019-09-23,Daniel.Froehlich_NYCHA,2019-09-23,Daniel.Froehlich_NYCHA,aa42b35e-0bd6-4f7d-874a-f40d668a93eb,,,,,,
"220",REID APARTMENTS,"167",BROOKLYN,REID APARTMENTS,"167",REID APARTMENTS CONSOLIDATED,235,227,2019-09-23,Daniel.Froehlich_NYCHA,2019-09-23,Daniel.Froehlich_NYCHA,019d0753-b7b0-4a8b-afa2-60397a746208,"1",,,"1",,"1"
"221",RICHMOND TERRACE,"117",STATEN ISLAND,RICHMOND TERRACE,"117",RICHMOND TERRACE CONSOLIDATED,1269,488,2019-09-23,Daniel.Froehlich_NYCHA,2019-09-23,Daniel.Froehlich_NYCHA,ce4b8a27-9278-4626-96d0-886557998843,"2","1",SI-1,,"2","1"
"225",ROBINSON,"241",MANHATTAN,ROBINSON,"241",JACKIE ROBINSON CONSOLIDATED,421,188,2019-09-23,Daniel.Froehlich_NYCHA,2019-09-23,Daniel.Froehlich_NYCHA,99d16659-0ad8-4293-b8bd-d5ef7d81bb03,,,,"1",,
"226",ROOSEVELT I,"135",BROOKLYN,ROOSEVELT,"135",ROOSEVELT CONSOLIDATED,1814,761,2019-09-23,Daniel.Froehlich_NYCHA,2019-09-23,Daniel.Froehlich_NYCHA,87b57dc1-d553-462f-9cdf-092467c7a75d,,,,"4",,
"230",SACK WERN,"280",BRONX,SACK WERN,"280",SACK WERN CONSOLIDATED,864,411,2019-09-23,Daniel.Froehlich_NYCHA,2019-09-23,Daniel.Froehlich_NYCHA,f8a37783-4c71-42c7-b36d-d0ec6b8e4290,"1",,BX-2,"5",,"1"
"232",SAINT NICHOLAS,"038",MANHATTAN,SAINT NICHOLAS,"038",SAINT NICHOLAS,3426,1525,2019-09-23,Daniel.Froehlich_NYCHA,2019-09-23,Daniel.Froehlich_NYCHA,6fac750c-783b-42b7-9f33-310613b60ee4,"1","1",,"5","3","1"
"233",SAMUEL (CITY),"377",MANHATTAN,SAMUEL,"377",FREDERICK SAMUEL (CITY),1412,664,2019-09-23,Daniel.Froehlich_NYCHA,2019-09-23,Daniel.Froehlich_NYCHA,f8444310-cc46-452f-9ca3-772814562341,,,MH-2,,,
"235",SAMUEL (MHOP) II,"398",MANHATTAN,KRAUS MANAGEMENT (PRIVATE - M/B 1),"359",KRAUS MANAGEMENT CONSOLIDATED,12,4,2019-09-23,Daniel.Froehlich_NYCHA,2019-09-23,Daniel.Froehlich_NYCHA,3c9acf60-c6dd-40b5-99ff-a04370270f82,,,MH-2,,,
"240",SHEEPSHEAD BAY,"036",BROOKLYN,SHEEPSHEAD BAY,"036",SHEEPSHEAD BAY CONSOLIDATED,2383,1054,2019-09-23,Daniel.Froehlich_NYCHA,2019-09-23,Daniel.Froehlich_NYCHA,afdf8b51-e204-4739-b94d-f155e72abb02,"2","2",BK-1,"6","5",
"241",SHELTON HOUSE,"279",QUEENS,BAISLEY PARK,"091",BAISLEY PARK CONSOLIDATED,164,153,2019-09-23,Daniel.Froehlich_NYCHA,2019-09-23,Daniel.Froehlich_NYCHA,3bca0596-7eed-4318-a754-a654295fedc2,,,,,,
"242",SMITH,"027",MANHATTAN,SMITH,"027",SMITH,4126,1934,2019-09-23,Daniel.Froehlich_NYCHA,2019-09-23,Daniel.Froehlich_NYCHA,adb31fa9-b364-4a29-a099-5e3b7b719004,"1","1",,"7","4","1"
"293",WEEKSVILLE GARDENS,"229",BROOKLYN,ALBANY,"031",ALBANY CONSOLIDATED,718,256,2019-09-23,Daniel.Froehlich_NYCHA,2019-09-23,Daniel.Froehlich_NYCHA,4b51367e-874d-4b02-99aa-0485a0604a58,,,,,,
"58",CHELSEA ADDITION,"176",MANHATTAN,CHELSEA,"134",CHELSEA CONSOLIDATED,114,96,2019-09-23,Daniel.Froehlich_NYCHA,2019-09-23,Daniel.Froehlich_NYCHA,d4747ef7-b4c5-412f-a01d-7b43a67c247b,,,,"1",,
"213",RED HOOK EAST,"004",BROOKLYN,RED HOOK EAST,"004",RED HOOK EAST,2832,1404,,,,,,"1","1",,"4","2",
"214",RED HOOK WEST,"079",BROOKLYN,RED HOOK WEST,"079",RED HOOK WEST,3165,1471,,,,,,"1","1",,"8","2","1"
"243",SOTOMAYOR HOUSES,"067",BRONX,SOTOMAYOR HOUSES,"067",SOTOMAYOR HOUSES CONSOLIDATED,3286,1495,2019-09-23,Daniel.Froehlich_NYCHA,2019-09-23,Daniel.Froehlich_NYCHA,16aa73a0-78ae-4bd4-b1b6-018d01a67c7b,"2","2",BX-2,"12","4","1"
"245",SOUTH BEACH,"035",STATEN ISLAND,SOUTH BEACH,"035",SOUTH BEACH CONSOLIDATED,891,421,2019-09-23,Daniel.Froehlich_NYCHA,2019-09-23,Daniel.Froehlich_NYCHA,12676937-5bf6-4eb9-87a3-c2db48303d69,"1","1",SI-1,,"1",
"1",1010 EAST 178TH STREET,"180",BRONX,1010 EAST 178TH STREET,"180",1010 EAST 178TH STREET,450,218,2019-09-23,Daniel.Froehlich_NYCHA,2019-09-23,Daniel.Froehlich_NYCHA,b3632c0a-fe11-4ef6-9592-8751aa2c5a43,"1",,BX-3,"1",,"1"
"2",104-14 TAPSCOTT STREET,"242",BROOKLYN,REID APARTMENTS,"167",REID APARTMENTS CONSOLIDATED,65,30,2019-09-23,Daniel.Froehlich_NYCHA,2019-09-23,Daniel.Froehlich_NYCHA,a8e9dc4a-0055-4a75-ba3d-7352538da30e,,,,"1",,
"3",1162-1176 WASHINGTON AVENUE,"233",BRONX,CLAREMONT CONSOLIDATED,"308",CLAREMONT CONSOLIDATED,170,65,2019-09-23,Daniel.Froehlich_NYCHA,2019-09-23,Daniel.Froehlich_NYCHA,ee6f21e8-21a6-4ed5-92dd-4765a77e97e1,,,BX-5,,,
"4",131 SAINT NICHOLAS AVENUE,"154",MANHATTAN,TAFT,"097",TAFT CONSOLIDATED,165,98,2019-09-23,Daniel.Froehlich_NYCHA,2019-09-23,Daniel.Froehlich_NYCHA,5fc13ccc-8e41-493e-9ffd-541484addd32,,,,,,
"7",303 VERNON AVENUE,"156",BROOKLYN,SUMNER,"073",SUMNER CONSOLIDATED,541,234,2019-09-23,Daniel.Froehlich_NYCHA,2019-09-23,Daniel.Froehlich_NYCHA,8de84ba6-49a5-44ea-8b8d-27d2b96acabb,"1","1",,,"1","1"
"17",AMSTERDAM ADDITION,"187",MANHATTAN,AMSTERDAM,"022",AMSTERDAM CONSOLIDATED,353,175,2019-09-23,Daniel.Froehlich_NYCHA,2019-09-23,Daniel.Froehlich_NYCHA,123c19e8-a218-4b37-85a6-0f73942d61b9,,,,"1",,
"20",ASTORIA,"026",QUEENS,ASTORIA,"026",ASTORIA,3032,1104,2019-09-23,Daniel.Froehlich_NYCHA,2019-09-23,Daniel.Froehlich_NYCHA,265b6246-680a-4999-8d1e-4251dbece416,"1","1",,"9","3","1"
"21",ATLANTIC TERMINAL SITE 4B,"256",BROOKLYN,WYCKOFF GARDENS,"163",WYCKOFF GARDENS CONSOLIDATED,582,299,2019-09-23,Daniel.Froehlich_NYCHA,2019-09-23,Daniel.Froehlich_NYCHA,3da1a0da-d054-4eb3-827a-f4b7279d087a,"1","1",,"1","1",
"33",BETHUNE GARDENS,"160",MANHATTAN,HARLEM RIVER,"003",HARLEM RIVER CONSOLIDATED,260,210,2019-09-23,Daniel.Froehlich_NYCHA,2019-09-23,Daniel.Froehlich_NYCHA,038edbef-364c-4d36-989e-31aed1cb8e83,"2","1",MH-2,,"1","1"
"39",BOULEVARD,"046",BROOKLYN,BOULEVARD,"046",BOULEVARD CONSOLIDATED,2696,1424,2019-09-23,Daniel.Froehlich_NYCHA,2019-09-23,Daniel.Froehlich_NYCHA,b7a200cd-91cd-4f36-9824-2f0700df93b7,,,,"7",,
"40",BOYNTON AVENUE REHAB,"346",BRONX,BRONX RIVER,"032",BRONX RIVER CONSOLIDATED,182,82,2019-09-23,Daniel.Froehlich_NYCHA,2019-09-23,Daniel.Froehlich_NYCHA,2665d574-c308-4bdb-aa0e-99c663c6759e,,,BX-3,,,
"57",CHELSEA,"134",MANHATTAN,CHELSEA,"134",CHELSEA CONSOLIDATED,910,425,2019-09-23,Daniel.Froehlich_NYCHA,2019-09-23,Daniel.Froehlich_NYCHA,cc511bca-9f38-43a2-b5b5-13851c2e0622,"1","1",,"1","2",
"249",STANTON STREET,"559",MANHATTAN,KRAUS MANAGEMENT (PRIVATE - M/B 1),"359",KRAUS MANAGEMENT CONSOLIDATED,35,13,2019-09-23,Daniel.Froehlich_NYCHA,2019-09-23,Daniel.Froehlich_NYCHA,7c279971-e23f-4ed4-b723-939a9ea680cb,,,MH-1,,,
"250",STAPLETON,"114",STATEN ISLAND,STAPLETON,"114",STAPLETON,2066,693,2019-09-23,Daniel.Froehlich_NYCHA,2019-09-23,Daniel.Froehlich_NYCHA,75d58d31-d926-48ed-87d1-ef172b6a13e2,"1","1",SI-1,"4","2","1"
"251",STEBBINS AVENUE-HEWITT PLACE,"353",BRONX,UNION AVENUE CONSOLIDATED,"342",UNION AVENUE CONSOLIDATED,274,119,2019-09-23,Daniel.Froehlich_NYCHA,2019-09-23,Daniel.Froehlich_NYCHA,1e0584bb-52da-4ff2-998f-d88a4e130479,"1",,BX-3,,,"1"
"253",STERLING PLACE REHABS (STERLING-BUFFALO),"368",BROOKLYN,PARK ROCK CONSOLIDATED,"351",PARK ROCK CONSOLIDATED,329,125,2019-09-23,Daniel.Froehlich_NYCHA,2019-09-23,Daniel.Froehlich_NYCHA,e9c27e9d-bbf5-473f-8fea-868dc130ca37,,,,,,
"301",WILLIAMS PLAZA,"128",BROOKLYN,WILLIAMS PLAZA,"128",WILLIAMS PLAZA,1290,577,2019-09-23,Daniel.Froehlich_NYCHA,2019-09-23,Daniel.Froehlich_NYCHA,69399ceb-79a5-4bf6-9b13-d4083c0c95ba,"1","1",,"3","1",
"43",BREVOORT,"065",BROOKLYN,BREVOORT,"065",BREVOORT,1918,894,2019-09-23,Daniel.Froehlich_NYCHA,2019-09-23,Daniel.Froehlich_NYCHA,72af2ace-2f7e-4b92-b6fa-df3c58847e02,"1","1",,"5","2","1"
"46",BROWN,"325",BROOKLYN,GARVEY,"252",GARVEY CONSOLIDATED,220,200,2019-09-23,Daniel.Froehlich_NYCHA,2019-09-23,Daniel.Froehlich_NYCHA,e3d01dbd-06db-4dc7-8341-78c34a653114,,,,"1",,
"302",WILLIAMSBURG,"002",BROOKLYN,WILLIAMSBURG,"002",WILLIAMSBURG,3025,1627,2019-09-23,Daniel.Froehlich_NYCHA,2019-09-23,Daniel.Froehlich_NYCHA,37ee0424-f460-4f2e-bc9d-dbb28d0b87e1,"2",,,"8",,"2"
"50",BUTLER,"113",BRONX,BUTLER,"113",BUTLER,4297,1476,2019-09-23,Daniel.Froehlich_NYCHA,2019-09-23,Daniel.Froehlich_NYCHA,302b29bb-1e62-454b-bf0c-d3f4b626edd0,"3","2",BX-5,"2","4","1"
"53",CARLETON MANOR,"164",QUEENS,HAMMEL,"075",HAMMEL CONSOLIDATED,357,169,2019-09-23,Daniel.Froehlich_NYCHA,2019-09-23,Daniel.Froehlich_NYCHA,e516b876-1d76-4834-9642-1c1bd9e68b81,"1","1",,"1","1","1"
"255",STUYVESANT GARDENS I,"221",BROOKLYN,STUYVESANT GARDENS I,"221",STUYVESANT GARDENS CONSOLIDATED,828,329,2019-09-23,Daniel.Froehlich_NYCHA,2019-09-23,Daniel.Froehlich_NYCHA,5a62d032-f349-4ab8-93c2-3b33a26f9f3a,,,,"2",,
"256",STUYVESANT GARDENS II,"333",BROOKLYN,STUYVESANT GARDENS I,"221",STUYVESANT GARDENS CONSOLIDATED,166,150,2019-09-23,Daniel.Froehlich_NYCHA,2019-09-23,Daniel.Froehlich_NYCHA,1ce0ff81-091c-43ed-a940-11202394016e,,,,"1",,
"257",SUMNER,"073",BROOKLYN,SUMNER,"073",SUMNER CONSOLIDATED,2288,1098,2019-09-23,Daniel.Froehlich_NYCHA,2019-09-23,Daniel.Froehlich_NYCHA,2f1ce975-75b2-45cd-ae8c-ba4e694614c1,"3","3",,"8","3","1"
"258",SURFSIDE GARDENS,"170",BROOKLYN,SURFSIDE GARDENS,"170",SURFSIDE GARDENS CONSOLIDATED,1141,594,2019-09-23,Daniel.Froehlich_NYCHA,2019-09-23,Daniel.Froehlich_NYCHA,5f2b2967-6f82-4052-b9da-42c6035c4e39,"3","2",BK-1,"2","2","2"
"260",TAFT,"097",MANHATTAN,TAFT,"097",TAFT CONSOLIDATED,3074,1463,2019-09-23,Daniel.Froehlich_NYCHA,2019-09-23,Daniel.Froehlich_NYCHA,cc0032fe-2ea7-4582-b1c1-02de17675d06,"3","3",,"4","4",
"261",TAPSCOTT STREET REHAB,"354",BROOKLYN,REID APARTMENTS,"167",REID APARTMENTS CONSOLIDATED,349,155,2019-09-23,Daniel.Froehlich_NYCHA,2019-09-23,Daniel.Froehlich_NYCHA,084ea994-1435-4b2e-9125-8eb5bbc2f23d,,,,"6",,
"65",CLINTON,"123",MANHATTAN,CLINTON,"123",CLINTON,1720,748,2019-09-23,Daniel.Froehlich_NYCHA,2019-09-23,Daniel.Froehlich_NYCHA,04c18abf-4d81-422a-9ee6-c05e48dfd541,"2","2",,"6","2",
"66",COLLEGE AVENUE-EAST 165TH STREET,"236",BRONX,CLAREMONT CONSOLIDATED,"308",CLAREMONT CONSOLIDATED,102,95,2019-09-23,Daniel.Froehlich_NYCHA,2019-09-23,Daniel.Froehlich_NYCHA,c242e100-d1a0-4dfe-ab18-2cf3bade0fbf,"1","1",BX-5,,"1","1"
"71",CONLON LIHFE TOWER,"232",QUEENS,BAISLEY PARK,"091",BAISLEY PARK CONSOLIDATED,240,214,2019-09-23,Daniel.Froehlich_NYCHA,2019-09-23,Daniel.Froehlich_NYCHA,9e45ccb3-8105-4eb1-a834-80e3454b55d5,"1","1",,"1","1",
"72",COOPER PARK,"069",BROOKLYN,COOPER PARK,"069",COOPER PARK,1554,700,2019-09-23,Daniel.Froehlich_NYCHA,2019-09-23,Daniel.Froehlich_NYCHA,ccf26be5-af04-419c-a5b0-5d4f6412475f,"1","1",,"4","2","1"
"73",CORSI HOUSES,"199",MANHATTAN,JEFFERSON,"064",JEFFERSON CONSOLIDATED,186,171,2019-09-23,Daniel.Froehlich_NYCHA,2019-09-23,Daniel.Froehlich_NYCHA,f6247163-9d0e-4a5e-9ad1-92ca8b3a4a91,,,,,,
"74",CROWN HEIGHTS,"312",BROOKLYN,PARK ROCK CONSOLIDATED,"351",PARK ROCK CONSOLIDATED,241,121,2019-09-23,Daniel.Froehlich_NYCHA,2019-09-23,Daniel.Froehlich_NYCHA,ed11b15e-a832-41d4-8cd2-a60750ebfde1,,,,,,
"75",CYPRESS HILLS,"070",BROOKLYN,CYPRESS HILLS,"070",CYPRESS HILLS CONSOLIDATED,3250,1439,2019-09-23,Daniel.Froehlich_NYCHA,2019-09-23,Daniel.Froehlich_NYCHA,685cb113-d93a-4272-bd45-8c1bd54ebaf0,"3","1",,"5","3","3"
"84",EAST 152ND STREET-COURTLANDT AVENUE,"237",BRONX,MELROSE,"028",MELROSE CONSOLIDATED,382,221,2019-09-23,Daniel.Froehlich_NYCHA,2019-09-23,Daniel.Froehlich_NYCHA,d0a6e003-66f9-4072-9480-6439f110b9b6,"1","1",BX-4,,"1",
"87",EAST 180TH STREET-MONTEREY AVENUE,"208",BRONX,1010 EAST 178TH STREET,"180",1010 EAST 178TH STREET,531,239,2019-09-23,Daniel.Froehlich_NYCHA,2019-09-23,Daniel.Froehlich_NYCHA,9ac35aff-bcce-4c29-8ffe-be448621ed86,,,BX-5,"1",,
"88",EAST NEW YORK CITY LINE,"263",BROOKLYN,CYPRESS HILLS,"070",CYPRESS HILLS CONSOLIDATED,258,66,2019-09-23,Daniel.Froehlich_NYCHA,2019-09-23,Daniel.Froehlich_NYCHA,0887efdf-159a-42b8-bc04-3a9b12f18d72,,,,"1",,
"262",TAYLOR STREET-WYTHE AVENUE,"234",BROOKLYN,TAYLOR STREET-WYTHE AVENUE,"234",TAYLOR -WYTHE  CONSOLIDATED,1226,525,2019-09-23,Daniel.Froehlich_NYCHA,2019-09-23,Daniel.Froehlich_NYCHA,af81a2f0-0f83-42d8-a799-2bda6b22f87f,"2","1",,"2","2","1"
"92",ELLIOTT,"015",MANHATTAN,CHELSEA,"134",CHELSEA CONSOLIDATED,1355,606,2019-09-23,Daniel.Froehlich_NYCHA,2019-09-23,Daniel.Froehlich_NYCHA,5ff714b9-308b-4022-8f5c-2a2a6c6220c2,,,,"4",,
"93",FARRAGUT,"029",BROOKLYN,FARRAGUT,"029",FARRAGUT,3185,1389,2019-09-23,Daniel.Froehlich_NYCHA,2019-09-23,Daniel.Froehlich_NYCHA,c0f74fed-958c-462e-b96a-f3565c134d37,"3","3",,"7","3","2"
"263",TELLER AVENUE-EAST 166TH STREET,"223",BRONX,CLAREMONT CONSOLIDATED,"308",CLAREMONT CONSOLIDATED,185,90,2019-09-23,Daniel.Froehlich_NYCHA,2019-09-23,Daniel.Froehlich_NYCHA,f625ea4a-818d-4716-baa3-34fd1ade0da9,"1","1",BX-5,,"1","1"
"98",FHA REPOSSESSED HOUSES (GROUP IV),"226",,BAISLEY PARK,"091",BAISLEY PARK CONSOLIDATED,20,10,2019-09-23,Daniel.Froehlich_NYCHA,2019-09-23,Daniel.Froehlich_NYCHA,349d221b-467e-4a8c-9280-b63f3b89c793,,,BX-2,,,
"264",THOMAS APARTMENTS,"268",MANHATTAN,WISE TOWERS,"127",WISE TOWERS CONSOLIDATED,96,87,2019-09-23,Daniel.Froehlich_NYCHA,2019-09-23,Daniel.Froehlich_NYCHA,3ca2a32e-0a53-4e8a-99b9-0480e91ae8e1,,,,,,
"109",FORT WASHINGTON AVENUE REHAB,"309",MANHATTAN,FORT WASHINGTON,"309",FORT WASHINGTON CONSOLIDATED,277,226,2019-09-23,Daniel.Froehlich_NYCHA,2019-09-23,Daniel.Froehlich_NYCHA,8fab5a8d-358f-4a96-988c-a80581c8839d,,,MH-2,,,
"111",GARVEY (GROUP A),"252",BROOKLYN,GARVEY,"252",GARVEY CONSOLIDATED,863,320,2019-09-23,Daniel.Froehlich_NYCHA,2019-09-23,Daniel.Froehlich_NYCHA,af00a87f-ce26-4cb8-a8f7-ef0d3b0ff78e,,,,"1",,
"116",GOWANUS,"025",BROOKLYN,GOWANUS,"025",GOWANUS,2669,1137,2019-09-23,Daniel.Froehlich_NYCHA,2019-09-23,Daniel.Froehlich_NYCHA,0bc8104d-a689-4bb7-b6c3-ab8923f12cc6,"1","1",,"7","3","3"
"117",GRAMPION,"281",MANHATTAN,KING TOWERS,"030",KING TOWERS CONSOLIDATED,67,35,2019-09-23,Daniel.Froehlich_NYCHA,2019-09-23,Daniel.Froehlich_NYCHA,f967828b-8f60-4856-a802-4a7aee1b4ed0,,,,,,
"120",GUN HILL,"040",BRONX,GUN HILL,"040",GUN HILL,1470,732,2019-09-23,Daniel.Froehlich_NYCHA,2019-09-23,Daniel.Froehlich_NYCHA,07b6011c-eff1-4039-82b5-71a149d457ef,"2","1",BX-1,"2","2","1"
"124",HARLEM RIVER,"003",MANHATTAN,HARLEM RIVER,"003",HARLEM RIVER CONSOLIDATED,1079,574,2019-09-23,Daniel.Froehlich_NYCHA,2019-09-23,Daniel.Froehlich_NYCHA,c86f4d75-8e61-4bb7-b594-31715883ca45,"1","1",MH-2,"4","2","1"
"125",HARLEM RIVER II,"147",MANHATTAN,HARLEM RIVER,"003",HARLEM RIVER CONSOLIDATED,272,116,2019-09-23,Daniel.Froehlich_NYCHA,2019-09-23,Daniel.Froehlich_NYCHA,2ae3fe79-23f0-4685-b236-f573b3a019c8,,,MH-2,"1",,
"126",HARRISON AVENUE REHAB (GROUP A),"347",BRONX,KRAUS MANAGEMENT (PRIVATE - BX 3),"341",KRAUS MANAGEMENT CONSOLIDATED,75,34,2019-09-23,Daniel.Froehlich_NYCHA,2019-09-23,Daniel.Froehlich_NYCHA,6a852c49-cab7-43dd-a92a-b0dc65663ae5,,,BX-5,,,
"131",HOLMES TOWERS,"159",MANHATTAN,ISAACS,"139",ISAACS CONSOLIDATED,941,536,2019-09-23,Daniel.Froehlich_NYCHA,2019-09-23,Daniel.Froehlich_NYCHA,ebcf7815-91a0-4b1d-a4a8-c059ed8fdc1f,,,,,,
"132",HOWARD,"072",BROOKLYN,HOWARD,"072",HOWARD,1835,813,2019-09-23,Daniel.Froehlich_NYCHA,2019-09-23,Daniel.Froehlich_NYCHA,2d33362b-b6ea-48f8-b523-4f19a5a329ca,"1","1",,"4","2","1"
"135",HUGHES APARTMENTS,"168",BROOKLYN,HUGHES APARTMENTS,"168",LANGSTON HUGHES CONSOLIDATED,1366,509,2019-09-23,Daniel.Froehlich_NYCHA,2019-09-23,Daniel.Froehlich_NYCHA,0564e3af-e2d5-489c-9fa5-c5c1ad4418c8,"3","1",,"2","1","4"
"140",INTERNATIONAL TOWER,"316",QUEENS,BAISLEY PARK,"091",BAISLEY PARK CONSOLIDATED,179,146,2019-09-23,Daniel.Froehlich_NYCHA,2019-09-23,Daniel.Froehlich_NYCHA,fce6ec61-4926-4897-a0b6-13090de0256a,,,,"1",,
"150",LAFAYETTE,"122",BROOKLYN,LAFAYETTE,"122",LAFAYETTE,2422,882,2019-09-23,Daniel.Froehlich_NYCHA,2019-09-23,Daniel.Froehlich_NYCHA,c3dbc592-4345-4949-8031-eb23e28c90f5,"2","1",,"5","1","2"
"151",LATIMER GARDENS,"186",QUEENS,LATIMER GARDENS,"186",LATIMER GARDENS CONSOLIDATED,792,423,2019-09-23,Daniel.Froehlich_NYCHA,2019-09-23,Daniel.Froehlich_NYCHA,71988f2c-f4a2-47cb-8c7e-390ba7e85fea,"1","1",,"2","1","1"
"152",LEAVITT STREET-34TH AVENUE,"201",QUEENS,LATIMER GARDENS,"186",LATIMER GARDENS CONSOLIDATED,104,83,2019-09-23,Daniel.Froehlich_NYCHA,2019-09-23,Daniel.Froehlich_NYCHA,ad2d49a9-7685-4cb7-a8f4-56295de17612,,,,"1",,
"159",LONGFELLOW AVENUE REHAB,"362",BRONX,BUILDING MANAGEMENT ASSOCIATES (PRIVATE - BX 1),"530",BUILDING MANAGEMENT ASSOCIATES CONSOLIDATED,278,75,2019-09-23,Daniel.Froehlich_NYCHA,2019-09-23,Daniel.Froehlich_NYCHA,5f3482b0-dac1-48a3-8da9-e133b2eed7e8,,,BX-3,,,
"160",LOW HOUSES,"169",BROOKLYN,LOW HOUSES,"169",SETH LOW CONSOLIDATED,1358,534,2019-09-23,Daniel.Froehlich_NYCHA,2019-09-23,Daniel.Froehlich_NYCHA,8c3f514b-1d86-4406-9788-e3851bc9536e,,,,"2",,
"165",MANHATTANVILLE,"081",MANHATTAN,MANHATTANVILLE,"081",MANHATTANVILLE CONSOLIDATED,2981,1272,2019-09-23,Daniel.Froehlich_NYCHA,2019-09-23,Daniel.Froehlich_NYCHA,e08dc2b0-9918-4dd1-ba09-eccc2a1a0fc7,"1","1",,"4","3","1"
"267",TILDEN,"096",BROOKLYN,TILDEN,"096",TILDEN,2556,998,2019-09-23,Daniel.Froehlich_NYCHA,2019-09-23,Daniel.Froehlich_NYCHA,ffba0327-84fe-4911-89af-d01785785627,"1","1",,"4","2","2"
"268",TODT HILL,"042",STATEN ISLAND,TODT HILL,"042",TODT HILL,1005,502,2019-09-23,Daniel.Froehlich_NYCHA,2019-09-23,Daniel.Froehlich_NYCHA,cb04c353-74a3-48e0-b5a0-d05cf39b536e,"1",,SI-1,"3",,"1"
"272",UNION AVENUE-EAST 163RD STREET,"342",BRONX,UNION AVENUE CONSOLIDATED,"342",UNION AVENUE CONSOLIDATED,229,199,2019-09-23,Daniel.Froehlich_NYCHA,2019-09-23,Daniel.Froehlich_NYCHA,0fcbe0ed-0b28-4f90-87c9-6a52c380a6e9,"1",,BX-3,"1",,"1"
"273",UNION AVENUE-EAST 166TH STREET,"356",BRONX,UNION AVENUE CONSOLIDATED,"342",UNION AVENUE CONSOLIDATED,280,120,2019-09-23,Daniel.Froehlich_NYCHA,2019-09-23,Daniel.Froehlich_NYCHA,904b86f0-d024-4803-9f76-2f96a0cfe353,"1","1",BX-3,,"1","1"
"303",WILSON,"112",MANHATTAN,WILSON,"112",WILSON,1250,398,2019-09-23,Daniel.Froehlich_NYCHA,2019-09-23,Daniel.Froehlich_NYCHA,ed3a330f-8e0f-45ea-b6cd-1d78a2a644b0,"1","1",,"1","2","1"
"168",MARBLE HILL,"049",BRONX,MARBLE HILL,"049",MARBLE HILL,3261,1680,2019-09-23,Daniel.Froehlich_NYCHA,2019-09-23,Daniel.Froehlich_NYCHA,965407c0-69b8-4a53-bd4a-0f3c70cc6aa2,"4","3",BX-5,"4","3","1"
"178",METRO NORTH PLAZA,"181",MANHATTAN,WILSON,"112",WILSON,643,271,2019-09-23,Daniel.Froehlich_NYCHA,2019-09-23,Daniel.Froehlich_NYCHA,b3ab1ebf-7ce5-4db7-be66-3e73c070074f,,,,"2",,
"181",MILL BROOK EXTENSION,"132",BRONX,MILL BROOK,"084",MILL BROOK CONSOLIDATED,297,125,2019-09-23,Daniel.Froehlich_NYCHA,2019-09-23,Daniel.Froehlich_NYCHA,c750be9f-c4f2-423c-8e53-5e0638a58dee,,,BX-4,,,
"184",MOORE,"129",BRONX,SAINT MARY'S PARK,"093",SAINT MARY'S PARK CONSOLIDATED,1133,463,2019-09-23,Daniel.Froehlich_NYCHA,2019-09-23,Daniel.Froehlich_NYCHA,bdfd36a6-bdc8-46c0-9494-a19df7529c06,"1","1",BX-3,"2","1",
"185",MORRIS I,"102",BRONX,MORRIS,"102",MORRIS CONSOLIDATED,2889,1083,2019-09-23,Daniel.Froehlich_NYCHA,2019-09-23,Daniel.Froehlich_NYCHA,c1389171-7741-48b0-9356-f6b8fc3b8ccb,"1","1",BX-5,"5","3","1"
"219",REHAB PROGRAM (WISE REHAB),"517",MANHATTAN,WISE TOWERS,"127",WISE TOWERS CONSOLIDATED,67,40,2019-09-23,Daniel.Froehlich_NYCHA,2019-09-23,Daniel.Froehlich_NYCHA,e0c48440-2e8c-4b1e-9a2f-00379ea9bf9e,,,,,,
"275",UNITY PLAZA (SITES 4-27),"261",BROOKLYN,UNITY PLAZA,"261",UNITY PLAZA CONSOLIDATED,1133,460,2019-09-23,Daniel.Froehlich_NYCHA,2019-09-23,Daniel.Froehlich_NYCHA,ef3aec28-4159-4411-9c3c-fbaaa32d20bf,,,,"3",,
"304",WISE TOWERS,"127",MANHATTAN,WISE TOWERS,"127",WISE TOWERS CONSOLIDATED,750,397,2019-09-23,Daniel.Froehlich_NYCHA,2019-09-23,Daniel.Froehlich_NYCHA,86e06f11-7e6b-435c-8def-3050b7221281,,,,"1",,
"186",MORRIS II,"502",BRONX,MORRIS,"102",MORRIS CONSOLIDATED,1989,802,2019-09-23,Daniel.Froehlich_NYCHA,2019-09-23,Daniel.Froehlich_NYCHA,8490cd05-6f2c-4f58-b926-4832692c95a6,"1","2",BX-5,"4","2","1"
"187",MORRIS PARK SENIOR CITIZENS HOME,"277",MANHATTAN,ROBINSON,"241",JACKIE ROBINSON CONSOLIDATED,103,97,2019-09-23,Daniel.Froehlich_NYCHA,2019-09-23,Daniel.Froehlich_NYCHA,94f39f18-b8b4-4d75-9425-2502f40023f5,,,,,,
"188",MORRISANIA,"130",BRONX,WEBSTER,"141",WEBSTER CONSOLIDATED,531,206,2019-09-23,Daniel.Froehlich_NYCHA,2019-09-23,Daniel.Froehlich_NYCHA,db5a908c-a7b6-4dd0-a5f4-5ca79e2ea75d,,,BX-5,"2",,
"192",NOSTRAND,"043",BROOKLYN,SHEEPSHEAD BAY,"036",SHEEPSHEAD BAY CONSOLIDATED,2327,1146,2019-09-23,Daniel.Froehlich_NYCHA,2019-09-23,Daniel.Froehlich_NYCHA,6c98f457-d6f7-43a5-883d-10e79d14069a,,,BK-1,"7",,
"196",OCEAN HILL APARTMENTS,"162",BROOKLYN,OCEAN HILL APARTMENTS,"162",OCEAN HILL CONSOLIDATED,640,238,2019-09-23,Daniel.Froehlich_NYCHA,2019-09-23,Daniel.Froehlich_NYCHA,6e3fd1b4-b149-412d-9a61-bfda23b65728,"1",,,"2",,"1"
"205",POMONOK,"053",QUEENS,POMONOK,"053",POMONOK,4219,2069,2019-09-23,Daniel.Froehlich_NYCHA,2019-09-23,Daniel.Froehlich_NYCHA,82d846bf-e5e1-4685-9ceb-32c19edecc09,"2","2",,"7","5","1"
"207",QUEENSBRIDGE NORTH,"505",QUEENS,QUEENSBRIDGE NORTH,"505",QUEENSBRIDGE NORTH,3129,1542,2019-09-23,Daniel.Froehlich_NYCHA,2019-09-23,Daniel.Froehlich_NYCHA,8c8c18f1-22a1-452d-91fd-38c71ae24db0,,,,"12",,
"222",RIIS,"018",MANHATTAN,RIIS,"018",RIIS CONSOLIDATED,2715,1191,2019-09-23,Daniel.Froehlich_NYCHA,2019-09-23,Daniel.Froehlich_NYCHA,980c1db6-fe6d-4e90-a83d-adbefda6e86d,"1","1",MH-1,"5","2","1"
"223",RIIS II,"019",MANHATTAN,RIIS,"018",RIIS CONSOLIDATED,1271,577,2019-09-23,Daniel.Froehlich_NYCHA,2019-09-23,Daniel.Froehlich_NYCHA,a114a5ea-a655-43a9-8e54-dd1e70381f8a,,,MH-1,"3",,
"224",ROBBINS PLAZA,"218",MANHATTAN,ISAACS,"139",ISAACS CONSOLIDATED,160,150,2019-09-23,Daniel.Froehlich_NYCHA,2019-09-23,Daniel.Froehlich_NYCHA,2d093e06-8409-438e-8a3d-52935a42145a,,,,"1",,
"227",ROOSEVELT II,"177",BROOKLYN,ROOSEVELT,"135",ROOSEVELT CONSOLIDATED,727,342,2019-09-23,Daniel.Froehlich_NYCHA,2019-09-23,Daniel.Froehlich_NYCHA,42c417c8-286a-4b67-8043-60cabeed64a3,"1","1",,"2","2","1"
"228",RUTGERS,"099",MANHATTAN,RUTGERS,"099",RUTGERS,1585,721,2019-09-23,Daniel.Froehlich_NYCHA,2019-09-23,Daniel.Froehlich_NYCHA,652af45c-4b1a-4851-96d3-21b33256248a,"1","1",,"2","1",
"229",RUTLAND TOWERS,"282",BROOKLYN,REID APARTMENTS,"167",REID APARTMENTS CONSOLIDATED,100,60,2019-09-23,Daniel.Froehlich_NYCHA,2019-09-23,Daniel.Froehlich_NYCHA,d9d125dc-b8f6-4c23-bc5d-faf8acee3d3d,,,,,,
"231",SAINT MARY'S PARK,"093",BRONX,SAINT MARY'S PARK,"093",SAINT MARY'S PARK CONSOLIDATED,2299,1005,2019-09-23,Daniel.Froehlich_NYCHA,2019-09-23,Daniel.Froehlich_NYCHA,49cc7e0e-3078-4d4a-bbe4-d2a1e30132c2,"2","1",BX-3,"4","2","2"
"234",SAMUEL (MHOP) I,"389",MANHATTAN,KRAUS MANAGEMENT (PRIVATE - M/B 1),"359",KRAUS MANAGEMENT CONSOLIDATED,38,24,2019-09-23,Daniel.Froehlich_NYCHA,2019-09-23,Daniel.Froehlich_NYCHA,48b71d0f-e70a-47bb-8a56-a4cf36ef1541,,,MH-2,,,
"237",SARATOGA VILLAGE,"158",BROOKLYN,OCEAN HILL APARTMENTS,"162",OCEAN HILL CONSOLIDATED,298,125,2019-09-23,Daniel.Froehlich_NYCHA,2019-09-23,Daniel.Froehlich_NYCHA,ab4cf448-bd8f-4790-b7f6-041e8bfaaa85,,,,"1",,
"238",SEDGWICK,"045",BRONX,SEDGWICK,"045",SEDGWICK CONSOLIDATED,1457,783,2019-09-23,Daniel.Froehlich_NYCHA,2019-09-23,Daniel.Froehlich_NYCHA,fd6d47ba-ad0b-44ec-a3a0-5139c445554e,"1","1",BX-5,"3","2","1"
"239",SEWARD PARK EXTENSION,"192",MANHATTAN,GOMPERS,"100",GOMPERS CONSOLIDATED,796,360,2019-09-23,Daniel.Froehlich_NYCHA,2019-09-23,Daniel.Froehlich_NYCHA,fd5bfbb6-0d03-4929-9114-b5483f5e60bc,,,,"2",,
"276",UNIVERSITY AVENUE REHAB,"341",BRONX,KRAUS MANAGEMENT (PRIVATE - BX 3),"341",KRAUS MANAGEMENT CONSOLIDATED,519,230,2019-09-23,Daniel.Froehlich_NYCHA,2019-09-23,Daniel.Froehlich_NYCHA,fd38aa6d-74fb-4c16-9a5c-6956f82736ae,,,BX-5,,,
"277",UPACA (SITE 5),"343",MANHATTAN,ROBINSON,"241",JACKIE ROBINSON CONSOLIDATED,204,179,2019-09-23,Daniel.Froehlich_NYCHA,2019-09-23,Daniel.Froehlich_NYCHA,b8356b1b-3290-4fa6-b187-4ab69be2fba1,,,,"1",,
"278",UPACA (SITE 6),"355",MANHATTAN,ROBINSON,"241",JACKIE ROBINSON CONSOLIDATED,173,150,2019-09-23,Daniel.Froehlich_NYCHA,2019-09-23,Daniel.Froehlich_NYCHA,02e7f476-4bf5-4504-a18a-5272b1cff08d,"1","1",,"1","2",
"244",SOUNDVIEW,"071",BRONX,SOUNDVIEW,"071",SOUNDVIEW,2901,1258,2019-09-23,Daniel.Froehlich_NYCHA,2019-09-23,Daniel.Froehlich_NYCHA,86943b95-f24a-4f7d-9dd1-5e97679ad6d1,"1","1",BX-2,"4","4","1"
"246",SOUTH BRONX AREA (SITE 402),"305",BRONX,UNION AVENUE CONSOLIDATED,"342",UNION AVENUE CONSOLIDATED,383,112,2019-09-23,Daniel.Froehlich_NYCHA,2019-09-23,Daniel.Froehlich_NYCHA,74ea100c-cc16-43fa-b817-d2e3ac3cb149,,,BX-3,,,
"247",SOUTH JAMAICA I,"008",QUEENS,SOUTH JAMAICA I,"008",SOUTH JAMAICA CONSOLIDATED,841,448,2019-09-23,Daniel.Froehlich_NYCHA,2019-09-23,Daniel.Froehlich_NYCHA,5e94e35d-0423-4e95-9663-a6d33a09f6d2,,,,"5",,
"248",SOUTH JAMAICA II,"066",QUEENS,SOUTH JAMAICA I,"008",SOUTH JAMAICA CONSOLIDATED,1449,598,2019-09-23,Daniel.Froehlich_NYCHA,2019-09-23,Daniel.Froehlich_NYCHA,744fffe2-01ad-470c-a716-9c060bc3d89b,"2","2",,"6","4","1"
"252",STERLING PLACE REHABS (SAINT JOHNS-STERLING),"366",BROOKLYN,PARK ROCK CONSOLIDATED,"351",PARK ROCK CONSOLIDATED,275,83,2019-09-23,Daniel.Froehlich_NYCHA,2019-09-23,Daniel.Froehlich_NYCHA,14e418eb-5613-4117-a806-c8f6e22868a4,,,,,,
"254",STRAUS,"153",MANHATTAN,STRAUS,"153",STRAUS CONSOLIDATED,550,267,2019-09-23,Daniel.Froehlich_NYCHA,2019-09-23,Daniel.Froehlich_NYCHA,0311f1e9-a296-4f82-8ef5-85151da3fba1,,,,"1",,
"259",SUTTER AVENUE-UNION STREET,"369",BROOKLYN,REID APARTMENTS,"167",REID APARTMENTS CONSOLIDATED,254,100,2019-09-23,Daniel.Froehlich_NYCHA,2019-09-23,Daniel.Froehlich_NYCHA,cfaaa55f-a849-47db-bb11-412215af8886,,,,"2",,
"280",VAN DYKE II,"146",BROOKLYN,WOODSON,"182",WOODSON,128,111,2019-09-23,Daniel.Froehlich_NYCHA,2019-09-23,Daniel.Froehlich_NYCHA,78c6781e-7358-4df1-8199-c1f90d7b75ba,,,,"1",,
"269",TOMPKINS,"131",BROOKLYN,TOMPKINS,"131",TOMPKINS CONSOLIDATED,2818,1045,2019-09-23,Daniel.Froehlich_NYCHA,2019-09-23,Daniel.Froehlich_NYCHA,02599a42-8f88-44af-ad41-d2933f42ca05,"1","1",,"4","2","1"
"270",TWIN PARKS EAST (SITE 9),"287",BRONX,1010 EAST 178TH STREET,"180",1010 EAST 178TH STREET,231,219,2019-09-23,Daniel.Froehlich_NYCHA,2019-09-23,Daniel.Froehlich_NYCHA,9481a65e-c295-4ca3-a135-b7a8b51c4a82,"1",,BX-5,"1",,"1"
"274","UNITY PLAZA (SITES 17,24,25A)","240",BROOKLYN,UNITY PLAZA,"261",UNITY PLAZA CONSOLIDATED,471,167,2019-09-23,Daniel.Froehlich_NYCHA,2019-09-23,Daniel.Froehlich_NYCHA,3f541f8e-e098-4bcc-ae99-d9251c9e5b20,,,,"3",,
"279",VAN DYKE I,"061",BROOKLYN,VAN DYKE I,"061",VAN DYKE I,3855,1603,2019-09-23,Daniel.Froehlich_NYCHA,2019-09-23,Daniel.Froehlich_NYCHA,7695df31-191c-4950-973d-4a062fff40e9,,,,"8",,
"281",VANDALIA AVENUE,"315",BROOKLYN,PENNSYLVANIA-WORTMAN,"194",PENNSYLVANIA AVENUE-WORTMAN AVENUE CONSOLIDATED,333,288,2019-09-23,Daniel.Froehlich_NYCHA,2019-09-23,Daniel.Froehlich_NYCHA,a6b83b42-ff8a-46e4-91c9-154886231f94,"1",,,"3",,"2"
"282",VLADECK,"006",MANHATTAN,VLADECK,"006",VLADECK CONSOLIDATED,2894,1527,2019-09-23,Daniel.Froehlich_NYCHA,2019-09-23,Daniel.Froehlich_NYCHA,e1713bcc-4f33-4dad-a738-51a37e4cd035,,,,"10",,
"283",VLADECK II,"007",MANHATTAN,VLADECK,"006",VLADECK CONSOLIDATED,545,240,2019-09-23,Daniel.Froehlich_NYCHA,2019-09-23,Daniel.Froehlich_NYCHA,133af8a9-136b-4b88-9a79-e5e2fc1e6cfe,,,,"2",,
"286",WASHINGTON,"062",MANHATTAN,WASHINGTON,"062",WASHINGTON CONSOLIDATED,3416,1515,2019-09-23,Daniel.Froehlich_NYCHA,2019-09-23,Daniel.Froehlich_NYCHA,67ed0633-2281-491c-a854-73c56188f2e0,"1","1",,"7","3",
"284",WAGNER,"074",MANHATTAN,WAGNER,"074",WAGNER CONSOLIDATED,4814,2151,2019-09-23,Daniel.Froehlich_NYCHA,2019-09-23,Daniel.Froehlich_NYCHA,6e30b619-d3cd-4648-8b8a-21a866b12603,"5","4",,"4","5","1"
"285",WALD,"023",MANHATTAN,WALD,"023",WALD,3985,1861,2019-09-23,Daniel.Froehlich_NYCHA,2019-09-23,Daniel.Froehlich_NYCHA,52b9ffda-12f5-4744-b537-05baf3483879,"1","1",MH-1,"7","3","1"
"287",WASHINGTON HEIGHTS REHAB (GROUPS 1&2),"293",MANHATTAN,FORT WASHINGTON,"309",FORT WASHINGTON CONSOLIDATED,406,215,2019-09-23,Daniel.Froehlich_NYCHA,2019-09-23,Daniel.Froehlich_NYCHA,171057c9-33d8-4e76-a9a3-81b0a0e23dfd,,,MH-2,,,
"289",WASHINGTON HEIGHTS REHAB PHASE III (HARLEM RIVER),"329",MANHATTAN,HARLEM RIVER,"003",HARLEM RIVER CONSOLIDATED,30,14,2019-09-23,Daniel.Froehlich_NYCHA,2019-09-23,Daniel.Froehlich_NYCHA,8f4d4fc6-b62b-4a15-8d7f-0f3412cd120c,,,MH-2,,,
"308",WSUR (SITE A) 120 WEST 94TH STREET,"151",MANHATTAN,WISE TOWERS,"127",WISE TOWERS CONSOLIDATED,145,69,2019-09-23,Daniel.Froehlich_NYCHA,2019-09-23,Daniel.Froehlich_NYCHA,c9af8e83-6fcc-42b3-b93d-e71084f0289f,,,,"1",,
"305",WOODSIDE,"033",QUEENS,WOODSIDE,"033",WOODSIDE,2858,1355,2019-09-23,Daniel.Froehlich_NYCHA,2019-09-23,Daniel.Froehlich_NYCHA,10b30291-944f-49c2-a8cf-b48ab6ff9dfc,"2","2",,"7","3",
"306",WOODSON,"182",BROOKLYN,WOODSON,"182",WOODSON,449,407,2019-09-23,Daniel.Froehlich_NYCHA,2019-09-23,Daniel.Froehlich_NYCHA,770b6fc0-1c21-408b-86cd-68b481480505,"1","1",,"2","4","1"
"307",WSUR (BROWNSTONES),"178",MANHATTAN,WISE TOWERS,"127",WISE TOWERS CONSOLIDATED,329,236,2019-09-23,Daniel.Froehlich_NYCHA,2019-09-23,Daniel.Froehlich_NYCHA,a5e3d81f-5385-467c-9e6f-bb6467fa86a7,,,,,,
"309",WSUR (SITE B) 74 WEST 92ND STREET,"173",MANHATTAN,WISE TOWERS,"127",WISE TOWERS CONSOLIDATED,318,168,2019-09-23,Daniel.Froehlich_NYCHA,2019-09-23,Daniel.Froehlich_NYCHA,3e407efb-17ab-47ec-9114-3aa89724298d,,,,"1",,
"310",WSUR (SITE C) 589 AMSTERDAM AVENUE,"174",MANHATTAN,WISE TOWERS,"127",WISE TOWERS CONSOLIDATED,348,158,2019-09-23,Daniel.Froehlich_NYCHA,2019-09-23,Daniel.Froehlich_NYCHA,10a33750-dd14-4570-b32e-f2138fdb5c9c,,,,"1",,
"311",WYCKOFF GARDENS,"163",BROOKLYN,WYCKOFF GARDENS,"163",WYCKOFF GARDENS CONSOLIDATED,1131,528,2019-09-23,Daniel.Froehlich_NYCHA,2019-09-23,Daniel.Froehlich_NYCHA,87e5d1cb-2270-4b29-bf56-8ed18f7505ae,"1","1",BK-1,"2","2",
"312",180_SPACER,,,,"180",,,,,,,,,,,BX-3,,,
